,time,price,change
0,09:25:05,61.31,0.38
1,09:30:03,61.6,0.29
2,09:30:06,61.88,0.28
3,09:30:10,61.65,-0.23
4,09:30:12,61.6,-0.05
5,09:30:15,61.6,0.0
6,09:30:18,61.64,0.04
7,09:30:20,61.56,-0.08
8,09:30:24,61.56,0.0
9,09:30:27,61.56,0.0
10,09:30:30,61.56,0.0
11,09:30:33,61.51,-0.05
12,09:30:36,61.5,-0.01
13,09:30:39,61.32,-0.18
14,09:30:42,61.31,-0.01
15,09:30:45,61.31,0.0
16,09:30:48,61.31,0.0
17,09:30:51,61.31,0.0
18,09:30:54,61.33,0.02
19,09:30:57,61.48,0.15
20,09:30:59,61.48,0.0
21,09:31:03,61.54,0.06
22,09:31:06,61.47,-0.07
23,09:31:09,61.38,-0.09
24,09:31:10,61.46,0.08
25,09:31:19,61.57,0.11
26,09:31:21,61.57,0.0
27,09:31:24,61.56,-0.01
28,09:31:27,61.59,0.03
29,09:31:30,61.6,0.01
30,09:31:34,61.6,0.0
31,09:31:36,61.64,0.04
32,09:31:40,61.65,0.01
33,09:31:42,61.79,0.14
34,09:31:45,61.65,-0.14
35,09:31:48,61.8,0.15
36,09:31:51,61.66,-0.14
37,09:31:54,61.75,0.09
38,09:32:00,61.75,0.0
39,09:32:03,61.76,0.01
40,09:32:06,61.66,-0.1
41,09:32:09,61.76,0.1
42,09:32:12,61.75,-0.01
43,09:32:15,61.66,-0.09
44,09:32:19,61.66,0.0
45,09:32:21,61.66,0.0
46,09:32:24,61.66,0.0
47,09:32:27,61.67,0.01
48,09:32:30,61.67,0.0
49,09:32:32,61.65,-0.02
50,09:32:36,61.61,-0.04
51,09:32:39,61.63,0.02
52,09:32:45,61.58,-0.05
53,09:32:48,61.6,0.02
54,09:32:51,61.56,-0.04
55,09:32:54,61.6,0.04
56,09:32:54,61.6,0.0
57,09:33:00,61.5,-0.1
58,09:33:03,61.42,-0.08
59,09:33:06,61.5,0.08
60,09:33:12,61.59,0.09
61,09:33:15,61.51,-0.08
62,09:33:15,61.5,-0.01
63,09:33:21,61.51,0.01
64,09:33:24,61.54,0.03
65,09:33:27,61.54,0.0
66,09:33:30,61.53,-0.01
67,09:33:33,61.41,-0.12
68,09:33:36,61.5,0.09
69,09:33:36,61.22,-0.28
70,09:33:42,61.5,0.28
71,09:33:45,61.5,0.0
72,09:33:49,61.24,-0.26
73,09:33:51,61.24,0.0
74,09:33:54,61.5,0.26
75,09:33:57,61.24,-0.26
76,09:34:00,61.27,0.03
77,09:34:04,61.27,0.0
78,09:34:06,61.26,-0.01
79,09:34:09,61.26,0.0
80,09:34:12,61.27,0.01
81,09:34:15,61.44,0.17
82,09:34:18,61.29,-0.15
83,09:34:21,61.46,0.17
84,09:34:24,61.41,-0.05
85,09:34:27,61.41,0.0
86,09:34:29,61.49,0.08
87,09:34:33,61.32,-0.17
88,09:34:36,61.32,0.0
89,09:34:39,61.46,0.14
90,09:34:42,61.33,-0.13
91,09:34:45,61.46,0.13
92,09:34:48,61.33,-0.13
93,09:34:51,61.33,0.0
94,09:34:54,61.33,0.0
95,09:34:57,61.33,0.0
96,09:35:00,61.27,-0.06
97,09:35:04,61.27,0.0
98,09:35:06,61.26,-0.01
99,09:35:09,61.21,-0.05
100,09:35:10,61.27,0.06
101,09:35:15,61.32,0.05
102,09:35:18,61.27,-0.05
103,09:35:21,61.27,0.0
104,09:35:27,61.27,0.0
105,09:35:30,61.32,0.05
106,09:35:33,61.32,0.0
107,09:35:36,61.4,0.08
108,09:35:39,61.32,-0.08
109,09:35:42,61.22,-0.1
110,09:35:45,61.32,0.1
111,09:35:49,61.4,0.08
112,09:35:49,61.33,-0.07
113,09:35:54,61.32,-0.01
114,09:36:00,61.32,0.0
115,09:36:04,61.4,0.08
116,09:36:06,61.4,0.0
117,09:36:09,61.4,0.0
118,09:36:12,61.4,0.0
119,09:36:14,61.2,-0.2
120,09:36:18,61.4,0.2
121,09:36:21,61.41,0.01
122,09:36:24,61.21,-0.2
123,09:36:30,61.49,0.28
124,09:36:34,61.4,-0.09
125,09:36:36,61.49,0.09
126,09:36:40,61.24,-0.25
127,09:36:42,61.24,0.0
128,09:36:45,61.5,0.26
129,09:36:48,61.5,0.0
130,09:36:51,61.5,0.0
131,09:36:54,61.4,-0.1
132,09:36:57,61.5,0.1
133,09:37:00,61.5,0.0
134,09:37:03,61.59,0.09
135,09:37:04,61.5,-0.09
136,09:37:09,61.59,0.09
137,09:37:10,61.6,0.01
138,09:37:15,61.59,-0.01
139,09:37:15,61.6,0.01
140,09:37:21,61.76,0.16
141,09:37:24,61.77,0.01
142,09:37:27,61.6,-0.17
143,09:37:30,61.78,0.18
144,09:37:31,61.75,-0.03
145,09:37:36,61.75,0.0
146,09:37:39,61.75,0.0
147,09:37:40,61.78,0.03
148,09:37:44,61.9,0.12
149,09:37:48,61.9,0.0
150,09:37:51,61.95,0.05
151,09:37:54,61.95,0.0
152,09:37:57,61.95,0.0
153,09:38:00,61.99,0.04
154,09:38:04,61.97,-0.02
155,09:38:06,61.98,0.01
156,09:38:09,61.99,0.01
157,09:38:10,61.99,0.0
158,09:38:15,61.99,0.0
159,09:38:18,61.99,0.0
160,09:38:24,61.99,0.0
161,09:38:27,61.99,0.0
162,09:38:30,62.11,0.12
163,09:38:33,62.18,0.07
164,09:38:35,62.12,-0.06
165,09:38:39,62.18,0.06
166,09:38:42,62.25,0.07
167,09:38:44,62.27,0.02
168,09:38:45,62.18,-0.09
169,09:38:50,62.18,0.0
170,09:38:57,62.13,-0.05
171,09:39:00,62.11,-0.02
172,09:39:01,62.12,0.01
173,09:39:06,62.0,-0.12
174,09:39:09,62.0,0.0
175,09:39:12,62.05,0.05
176,09:39:15,61.95,-0.1
177,09:39:21,61.95,0.0
178,09:39:24,61.81,-0.14
179,09:39:27,61.95,0.14
180,09:39:30,61.8,-0.15
181,09:39:33,61.79,-0.01
182,09:39:36,61.77,-0.02
183,09:39:39,61.76,-0.01
184,09:39:42,61.7,-0.06
185,09:39:44,61.7,0.0
186,09:39:49,61.7,0.0
187,09:39:50,61.7,0.0
188,09:39:54,61.89,0.19
189,09:39:57,61.7,-0.19
190,09:40:00,61.74,0.04
191,09:40:03,61.74,0.0
192,09:40:09,61.74,0.0
193,09:40:12,61.7,-0.04
194,09:40:19,61.71,0.01
195,09:40:21,61.71,0.0
196,09:40:24,61.74,0.03
197,09:40:30,61.85,0.11
198,09:40:32,61.76,-0.09
199,09:40:36,61.85,0.09
200,09:40:39,61.85,0.0
201,09:40:42,61.88,0.03
202,09:40:45,61.88,0.0
203,09:40:45,61.89,0.01
204,09:40:50,61.99,0.1
205,09:40:54,61.89,-0.1
206,09:40:57,61.9,0.01
207,09:41:00,62.09,0.19
208,09:41:03,61.85,-0.24
209,09:41:06,62.08,0.23
210,09:41:09,62.01,-0.07
211,09:41:12,61.99,-0.02
212,09:41:14,61.99,0.0
213,09:41:18,61.85,-0.14
214,09:41:21,61.85,0.0
215,09:41:27,62.0,0.15
216,09:41:30,61.85,-0.15
217,09:41:31,61.85,0.0
218,09:41:36,62.0,0.15
219,09:41:39,61.85,-0.15
220,09:41:42,61.8,-0.05
221,09:41:45,61.8,0.0
222,09:41:51,61.99,0.19
223,09:41:54,61.85,-0.14
224,09:42:00,61.8,-0.05
225,09:42:04,61.99,0.19
226,09:42:06,61.7,-0.29
227,09:42:09,62.0,0.3
228,09:42:12,62.01,0.01
229,09:42:15,62.01,0.0
230,09:42:18,62.0,-0.01
231,09:42:20,62.0,0.0
232,09:42:24,61.8,-0.2
233,09:42:27,61.98,0.18
234,09:42:30,61.7,-0.28
235,09:42:36,61.97,0.27
236,09:42:42,61.85,-0.12
237,09:42:45,61.83,-0.02
238,09:42:48,61.83,0.0
239,09:42:54,61.75,-0.08
240,09:42:57,61.75,0.0
241,09:43:03,61.7,-0.05
242,09:43:06,61.6,-0.1
243,09:43:12,61.59,-0.01
244,09:43:14,61.57,-0.02
245,09:43:18,61.52,-0.05
246,09:43:27,61.58,0.06
247,09:43:30,61.58,0.0
248,09:43:33,61.55,-0.03
249,09:43:36,61.58,0.03
250,09:43:39,61.6,0.02
251,09:43:41,61.6,0.0
252,09:43:45,61.58,-0.02
253,09:43:47,61.61,0.03
254,09:43:50,61.75,0.14
255,09:43:54,61.61,-0.14
256,09:43:57,61.61,0.0
257,09:44:00,61.55,-0.06
258,09:44:03,61.61,0.06
259,09:44:06,61.65,0.04
260,09:44:08,61.64,-0.01
261,09:44:12,61.65,0.01
262,09:44:15,61.65,0.0
263,09:44:18,61.65,0.0
264,09:44:20,61.7,0.05
265,09:44:24,61.65,-0.05
266,09:44:24,61.65,0.0
267,09:44:30,61.63,-0.02
268,09:44:33,61.6,-0.03
269,09:44:36,61.7,0.1
270,09:44:38,61.7,0.0
271,09:44:41,61.65,-0.05
272,09:44:45,61.65,0.0
273,09:44:51,61.65,0.0
274,09:44:57,61.6,-0.05
275,09:45:00,61.6,0.0
276,09:45:02,61.6,0.0
277,09:45:05,61.58,-0.02
278,09:45:09,61.52,-0.06
279,09:45:12,61.51,-0.01
280,09:45:15,61.5,-0.01
281,09:45:15,61.42,-0.08
282,09:45:21,61.42,0.0
283,09:45:24,61.47,0.05
284,09:45:27,61.42,-0.05
285,09:45:30,61.47,0.05
286,09:45:33,61.41,-0.06
287,09:45:36,61.42,0.01
288,09:45:38,61.42,0.0
289,09:45:41,61.42,0.0
290,09:45:45,61.5,0.08
291,09:45:45,61.42,-0.08
292,09:45:51,61.42,0.0
293,09:45:53,61.45,0.03
294,09:45:57,61.42,-0.03
295,09:45:59,61.42,0.0
296,09:46:03,61.36,-0.06
297,09:46:05,61.33,-0.03
298,09:46:08,61.36,0.03
299,09:46:11,61.4,0.04
300,09:46:15,61.4,0.0
301,09:46:15,61.4,0.0
302,09:46:21,61.4,0.0
303,09:46:24,61.45,0.05
304,09:46:30,61.45,0.0
305,09:46:39,61.41,-0.04
306,09:46:42,61.4,-0.01
307,09:46:44,61.35,-0.05
308,09:46:48,61.35,0.0
309,09:46:50,61.32,-0.03
310,09:46:54,61.3,-0.02
311,09:46:57,61.27,-0.03
312,09:47:00,61.24,-0.03
313,09:47:03,61.35,0.11
314,09:47:06,61.32,-0.03
315,09:47:15,61.32,0.0
316,09:47:15,61.25,-0.07
317,09:47:19,61.32,0.07
318,09:47:24,61.32,0.0
319,09:47:27,61.36,0.04
320,09:47:30,61.23,-0.13
321,09:47:33,61.23,0.0
322,09:47:41,61.2,-0.03
323,09:47:48,61.24,0.04
324,09:47:50,61.25,0.01
325,09:47:54,61.34,0.09
326,09:47:57,61.4,0.06
327,09:48:00,61.4,0.0
328,09:48:12,61.4,0.0
329,09:48:14,61.4,0.0
330,09:48:18,61.4,0.0
331,09:48:21,61.42,0.02
332,09:48:24,61.4,-0.02
333,09:48:27,61.4,0.0
334,09:48:33,61.4,0.0
335,09:48:35,61.4,0.0
336,09:48:39,61.4,0.0
337,09:48:42,61.4,0.0
338,09:48:45,61.4,0.0
339,09:48:57,61.25,-0.15
340,09:49:00,61.4,0.15
341,09:49:02,61.25,-0.15
342,09:49:05,61.25,0.0
343,09:49:09,61.2,-0.05
344,09:49:10,61.25,0.05
345,09:49:14,61.2,-0.05
346,09:49:15,61.25,0.05
347,09:49:27,61.4,0.15
348,09:49:29,61.24,-0.16
349,09:49:32,61.25,0.01
350,09:49:36,61.25,0.0
351,09:49:38,61.27,0.02
352,09:49:44,61.27,0.0
353,09:49:48,61.27,0.0
354,09:49:51,61.27,0.0
355,09:49:54,61.27,0.0
356,09:49:54,61.37,0.1
357,09:50:00,61.27,-0.1
358,09:50:02,61.21,-0.06
359,09:50:06,61.21,0.0
360,09:50:09,61.21,0.0
361,09:50:11,61.27,0.06
362,09:50:15,61.27,0.0
363,09:50:18,61.37,0.1
364,09:50:22,61.15,-0.22
365,09:50:24,61.37,0.22
366,09:50:24,61.37,0.0
367,09:50:30,61.23,-0.14
368,09:50:33,61.15,-0.08
369,09:50:36,61.15,0.0
370,09:50:39,61.38,0.23
371,09:50:42,61.38,0.0
372,09:50:48,61.2,-0.18
373,09:50:54,61.19,-0.01
374,09:50:57,61.23,0.04
375,09:50:59,61.21,-0.02
376,09:51:03,61.07,-0.14
377,09:51:05,61.19,0.12
378,09:51:08,61.09,-0.1
379,09:51:11,61.1,0.01
380,09:51:14,61.1,0.0
381,09:51:18,61.1,0.0
382,09:51:24,61.09,-0.01
383,09:51:24,61.09,0.0
384,09:51:30,61.16,0.07
385,09:51:32,61.09,-0.07
386,09:51:36,61.07,-0.02
387,09:51:41,61.17,0.1
388,09:51:44,61.11,-0.06
389,09:51:46,61.11,0.0
390,09:51:51,61.19,0.08
391,09:51:53,61.11,-0.08
392,09:51:55,61.11,0.0
393,09:52:00,61.15,0.04
394,09:52:02,61.21,0.06
395,09:52:06,61.15,-0.06
396,09:52:09,61.2,0.05
397,09:52:12,61.15,-0.05
398,09:52:14,61.21,0.06
399,09:52:17,61.21,0.0
400,09:52:24,61.36,0.15
401,09:52:29,61.21,-0.15
402,09:52:36,61.36,0.15
403,09:52:37,61.22,-0.14
404,09:52:42,61.36,0.14
405,09:52:48,61.22,-0.14
406,09:52:51,61.36,0.14
407,09:52:57,61.23,-0.13
408,09:53:02,61.38,0.15
409,09:53:12,61.37,-0.01
410,09:53:15,61.37,0.0
411,09:53:16,61.26,-0.11
412,09:53:20,61.37,0.11
413,09:53:24,61.27,-0.1
414,09:53:27,61.37,0.1
415,09:53:30,61.38,0.01
416,09:53:33,61.39,0.01
417,09:53:39,61.5,0.11
418,09:53:45,61.47,-0.03
419,09:53:46,61.3,-0.17
420,09:53:51,61.45,0.15
421,09:53:57,61.45,0.0
422,09:53:59,61.38,-0.07
423,09:54:03,61.46,0.08
424,09:54:06,61.47,0.01
425,09:54:13,61.47,0.0
426,09:54:14,61.46,-0.01
427,09:54:18,61.46,0.0
428,09:54:20,61.46,0.0
429,09:54:23,61.48,0.02
430,09:54:28,61.55,0.07
431,09:54:30,61.59,0.04
432,09:54:33,61.6,0.01
433,09:54:36,61.67,0.07
434,09:54:39,61.64,-0.03
435,09:54:40,61.9,0.26
436,09:54:48,61.67,-0.23
437,09:54:51,61.9,0.23
438,09:54:54,61.87,-0.03
439,09:55:00,61.89,0.02
440,09:55:03,61.9,0.01
441,09:55:06,61.87,-0.03
442,09:55:09,61.89,0.02
443,09:55:12,61.88,-0.01
444,09:55:15,61.89,0.01
445,09:55:16,61.9,0.01
446,09:55:20,61.9,0.0
447,09:55:24,61.99,0.09
448,09:55:28,61.99,0.0
449,09:55:30,61.99,0.0
450,09:55:33,61.99,0.0
451,09:55:36,62.0,0.01
452,09:55:37,62.08,0.08
453,09:55:43,62.1,0.02
454,09:55:44,62.1,0.0
455,09:55:48,62.15,0.05
456,09:55:50,62.13,-0.02
457,09:55:54,62.09,-0.04
458,09:55:57,62.14,0.05
459,09:56:00,62.14,0.0
460,09:56:04,62.19,0.05
461,09:56:06,62.2,0.01
462,09:56:09,62.21,0.01
463,09:56:12,62.3,0.09
464,09:56:15,62.25,-0.05
465,09:56:18,62.25,0.0
466,09:56:21,62.2,-0.05
467,09:56:24,62.22,0.02
468,09:56:28,62.0,-0.22
469,09:56:29,62.01,0.01
470,09:56:32,62.22,0.21
471,09:56:36,62.3,0.08
472,09:56:39,62.22,-0.08
473,09:56:45,62.36,0.14
474,09:56:46,62.11,-0.25
475,09:56:50,62.24,0.13
476,09:56:54,62.25,0.01
477,09:57:00,62.24,-0.01
478,09:57:02,62.29,0.05
479,09:57:06,62.29,0.0
480,09:57:08,62.36,0.07
481,09:57:12,62.36,0.0
482,09:57:15,62.3,-0.06
483,09:57:18,62.31,0.01
484,09:57:21,62.3,-0.01
485,09:57:23,62.3,0.0
486,09:57:27,62.3,0.0
487,09:57:30,62.31,0.01
488,09:57:33,62.38,0.07
489,09:57:36,62.35,-0.03
490,09:57:39,62.36,0.01
491,09:57:45,62.4,0.04
492,09:57:46,62.4,0.0
493,09:57:54,62.4,0.0
494,09:57:57,62.48,0.08
495,09:58:00,62.45,-0.03
496,09:58:02,62.48,0.03
497,09:58:05,62.45,-0.03
498,09:58:09,62.46,0.01
499,09:58:12,62.43,-0.03
500,09:58:15,62.55,0.12
501,09:58:18,62.46,-0.09
502,09:58:20,62.55,0.09
503,09:58:23,62.49,-0.06
504,09:58:27,62.55,0.06
505,09:58:32,62.6,0.05
506,09:58:36,62.6,0.0
507,09:58:37,62.55,-0.05
508,09:58:40,62.6,0.05
509,09:58:44,62.55,-0.05
510,09:58:48,62.54,-0.01
511,09:58:51,62.5,-0.04
512,09:58:53,62.59,0.09
513,09:58:58,62.55,-0.04
514,09:59:00,62.59,0.04
515,09:59:02,62.59,0.0
516,09:59:06,62.7,0.11
517,09:59:08,62.7,0.0
518,09:59:12,62.59,-0.11
519,09:59:15,62.6,0.01
520,09:59:17,62.6,0.0
521,09:59:21,62.88,0.28
522,09:59:24,62.7,-0.18
523,09:59:27,62.9,0.2
524,09:59:33,62.7,-0.2
525,09:59:36,62.6,-0.1
526,09:59:38,62.7,0.1
527,09:59:42,62.7,0.0
528,09:59:45,62.7,0.0
529,09:59:46,62.71,0.01
530,09:59:57,62.89,0.18
531,10:00:00,62.89,0.0
532,10:00:03,62.7,-0.19
533,10:00:06,62.89,0.19
534,10:00:09,62.7,-0.19
535,10:00:14,62.7,0.0
536,10:00:17,62.7,0.0
537,10:00:21,62.7,0.0
538,10:00:24,62.71,0.01
539,10:00:25,62.74,0.03
540,10:00:29,62.71,-0.03
541,10:00:34,62.71,0.0
542,10:00:36,62.73,0.02
543,10:00:38,62.87,0.14
544,10:00:42,62.71,-0.16
545,10:00:45,62.7,-0.01
546,10:00:46,62.69,-0.01
547,10:00:51,62.59,-0.1
548,10:00:54,62.55,-0.04
549,10:01:02,62.69,0.14
550,10:01:05,62.69,0.0
551,10:01:09,62.69,0.0
552,10:01:12,62.69,0.0
553,10:01:14,62.69,0.0
554,10:01:18,62.69,0.0
555,10:01:21,62.69,0.0
556,10:01:24,62.69,0.0
557,10:01:27,62.7,0.01
558,10:01:30,62.69,-0.01
559,10:01:33,62.8,0.11
560,10:01:36,62.61,-0.19
561,10:01:39,62.72,0.11
562,10:01:42,62.8,0.08
563,10:01:45,62.89,0.09
564,10:01:48,62.72,-0.17
565,10:01:51,62.8,0.08
566,10:01:53,62.8,0.0
567,10:01:57,62.8,0.0
568,10:02:00,62.79,-0.01
569,10:02:02,62.8,0.01
570,10:02:06,62.8,0.0
571,10:02:08,62.72,-0.08
572,10:02:12,62.72,0.0
573,10:02:15,62.89,0.17
574,10:02:16,62.72,-0.17
575,10:02:20,62.75,0.03
576,10:02:24,62.72,-0.03
577,10:02:28,62.73,0.01
578,10:02:29,62.73,0.0
579,10:02:33,62.73,0.0
580,10:02:35,62.72,-0.01
581,10:02:39,62.71,-0.01
582,10:02:41,62.71,0.0
583,10:02:45,62.69,-0.02
584,10:02:48,62.71,0.02
585,10:02:50,62.72,0.01
586,10:02:58,62.69,-0.03
587,10:03:00,62.6,-0.09
588,10:03:02,62.6,0.0
589,10:03:06,62.69,0.09
590,10:03:09,62.58,-0.11
591,10:03:15,62.58,0.0
592,10:03:16,62.6,0.02
593,10:03:20,62.67,0.07
594,10:03:27,62.6,-0.07
595,10:03:30,62.55,-0.05
596,10:03:34,62.6,0.05
597,10:03:36,62.49,-0.11
598,10:03:38,62.5,0.01
599,10:03:43,62.46,-0.04
600,10:03:44,62.5,0.04
601,10:03:48,62.4,-0.1
602,10:03:54,62.45,0.05
603,10:03:57,62.45,0.0
604,10:04:00,62.46,0.01
605,10:04:04,62.4,-0.06
606,10:04:06,62.46,0.06
607,10:04:09,62.4,-0.06
608,10:04:12,62.41,0.01
609,10:04:15,62.5,0.09
610,10:04:16,62.5,0.0
611,10:04:21,62.42,-0.08
612,10:04:24,62.42,0.0
613,10:04:25,62.41,-0.01
614,10:04:30,62.41,0.0
615,10:04:33,62.4,-0.01
616,10:04:36,62.4,0.0
617,10:04:38,62.4,0.0
618,10:04:41,62.4,0.0
619,10:04:45,62.4,0.0
620,10:04:46,62.4,0.0
621,10:04:52,62.4,0.0
622,10:04:53,62.42,0.02
623,10:04:55,62.48,0.06
624,10:05:00,62.41,-0.07
625,10:05:06,62.4,-0.01
626,10:05:09,62.4,0.0
627,10:05:15,62.42,0.02
628,10:05:18,62.4,-0.02
629,10:05:21,62.4,0.0
630,10:05:30,62.4,0.0
631,10:05:33,62.4,0.0
632,10:05:36,62.4,0.0
633,10:05:39,62.4,0.0
634,10:05:42,62.4,0.0
635,10:05:44,62.4,0.0
636,10:05:48,62.4,0.0
637,10:05:51,62.4,0.0
638,10:05:54,62.4,0.0
639,10:05:57,62.4,0.0
640,10:05:59,62.32,-0.08
641,10:06:02,62.4,0.08
642,10:06:06,62.32,-0.08
643,10:06:08,62.35,0.03
644,10:06:12,62.4,0.05
645,10:06:15,62.32,-0.08
646,10:06:18,62.32,0.0
647,10:06:22,62.32,0.0
648,10:06:29,62.4,0.08
649,10:06:30,62.3,-0.1
650,10:06:32,62.4,0.1
651,10:06:35,62.3,-0.1
652,10:06:39,62.3,0.0
653,10:06:45,62.3,0.0
654,10:06:48,62.32,0.02
655,10:06:51,62.32,0.0
656,10:06:57,62.4,0.08
657,10:06:59,62.32,-0.08
658,10:07:05,62.3,-0.02
659,10:07:11,62.3,0.0
660,10:07:18,62.29,-0.01
661,10:07:20,62.29,0.0
662,10:07:23,62.3,0.01
663,10:07:30,62.3,0.0
664,10:07:35,62.3,0.0
665,10:07:38,62.3,0.0
666,10:07:40,62.29,-0.01
667,10:07:45,62.29,0.0
668,10:07:48,62.29,0.0
669,10:07:53,62.29,0.0
670,10:07:55,62.38,0.09
671,10:08:03,62.35,-0.03
672,10:08:09,62.35,0.0
673,10:08:12,62.29,-0.06
674,10:08:18,62.29,0.0
675,10:08:21,62.29,0.0
676,10:08:27,62.34,0.05
677,10:08:29,62.29,-0.05
678,10:08:33,62.34,0.05
679,10:08:36,62.29,-0.05
680,10:08:38,62.28,-0.01
681,10:08:42,62.23,-0.05
682,10:08:45,62.22,-0.01
683,10:08:48,62.22,0.0
684,10:08:50,62.21,-0.01
685,10:08:54,62.21,0.0
686,10:08:57,62.21,0.0
687,10:09:00,62.4,0.19
688,10:09:03,62.21,-0.19
689,10:09:05,62.35,0.14
690,10:09:10,62.21,-0.14
691,10:09:14,62.34,0.13
692,10:09:16,62.21,-0.13
693,10:09:27,62.21,0.0
694,10:09:33,62.29,0.08
695,10:09:35,62.1,-0.19
696,10:09:38,62.1,0.0
697,10:09:40,62.08,-0.02
698,10:09:45,62.1,0.02
699,10:09:48,62.1,0.0
700,10:09:51,62.1,0.0
701,10:09:54,62.1,0.0
702,10:09:55,62.36,0.26
703,10:10:00,62.41,0.05
704,10:10:02,62.32,-0.09
705,10:10:06,62.32,0.0
706,10:10:08,62.32,0.0
707,10:10:14,62.32,0.0
708,10:10:17,62.11,-0.21
709,10:10:20,62.11,0.0
710,10:10:27,62.12,0.01
711,10:10:30,62.12,0.0
712,10:10:40,62.12,0.0
713,10:10:42,62.33,0.21
714,10:10:48,62.12,-0.21
715,10:10:54,62.33,0.21
716,10:10:55,62.31,-0.02
717,10:11:00,62.13,-0.18
718,10:11:06,62.12,-0.01
719,10:11:08,62.12,0.0
720,10:11:12,62.12,0.0
721,10:11:18,62.12,0.0
722,10:11:21,62.17,0.05
723,10:11:27,62.13,-0.04
724,10:11:33,62.13,0.0
725,10:11:36,62.12,-0.01
726,10:11:39,62.12,0.0
727,10:11:42,62.17,0.05
728,10:11:45,62.19,0.02
729,10:11:48,62.19,0.0
730,10:11:50,62.19,0.0
731,10:11:54,62.2,0.01
732,10:11:57,62.33,0.13
733,10:11:59,62.34,0.01
734,10:12:03,62.34,0.0
735,10:12:05,62.25,-0.09
736,10:12:08,62.25,0.0
737,10:12:18,62.34,0.09
738,10:12:21,62.34,0.0
739,10:12:27,62.34,0.0
740,10:12:30,62.34,0.0
741,10:12:33,62.36,0.02
742,10:12:36,62.34,-0.02
743,10:12:39,62.36,0.02
744,10:12:42,62.38,0.02
745,10:12:44,62.38,0.0
746,10:12:47,62.38,0.0
747,10:12:55,62.45,0.07
748,10:13:03,62.45,0.0
749,10:13:08,62.38,-0.07
750,10:13:18,62.38,0.0
751,10:13:24,62.43,0.05
752,10:13:30,62.38,-0.05
753,10:13:33,62.38,0.0
754,10:13:35,62.38,0.0
755,10:13:39,62.38,0.0
756,10:13:42,62.45,0.07
757,10:13:45,62.45,0.0
758,10:13:48,62.53,0.08
759,10:13:51,62.6,0.07
760,10:13:53,62.66,0.06
761,10:13:57,62.68,0.02
762,10:13:59,62.68,0.0
763,10:14:03,62.68,0.0
764,10:14:05,62.72,0.04
765,10:14:10,62.68,-0.04
766,10:14:19,62.55,-0.13
767,10:14:30,62.55,0.0
768,10:14:36,62.55,0.0
769,10:14:42,62.65,0.1
770,10:14:45,62.38,-0.27
771,10:14:55,62.6,0.22
772,10:15:00,62.39,-0.21
773,10:15:09,62.39,0.0
774,10:15:12,62.39,0.0
775,10:15:17,62.39,0.0
776,10:15:21,62.5,0.11
777,10:15:27,62.39,-0.11
778,10:15:29,62.38,-0.01
779,10:15:33,62.39,0.01
780,10:15:36,62.38,-0.01
781,10:15:39,62.38,0.0
782,10:15:42,62.38,0.0
783,10:15:45,62.41,0.03
784,10:15:47,62.38,-0.03
785,10:15:53,62.49,0.11
786,10:15:55,62.41,-0.08
787,10:16:00,62.48,0.07
788,10:16:03,62.4,-0.08
789,10:16:06,62.4,0.0
790,10:16:12,62.4,0.0
791,10:16:15,62.38,-0.02
792,10:16:18,62.53,0.15
793,10:16:19,62.58,0.05
794,10:16:23,62.38,-0.2
795,10:16:34,62.38,0.0
796,10:16:38,62.41,0.03
797,10:16:41,62.58,0.17
798,10:16:45,62.41,-0.17
799,10:16:48,62.41,0.0
800,10:16:50,62.41,0.0
801,10:16:53,62.35,-0.06
802,10:16:57,62.41,0.06
803,10:17:03,62.41,0.0
804,10:17:06,62.42,0.01
805,10:17:11,62.41,-0.01
806,10:17:14,62.4,-0.01
807,10:17:18,62.41,0.01
808,10:17:21,62.4,-0.01
809,10:17:24,62.4,0.0
810,10:17:27,62.4,0.0
811,10:17:30,62.39,-0.01
812,10:17:34,62.4,0.01
813,10:17:36,62.4,0.0
814,10:17:40,62.4,0.0
815,10:17:42,62.41,0.01
816,10:17:45,62.41,0.0
817,10:17:47,62.38,-0.03
818,10:17:50,62.38,0.0
819,10:17:57,62.41,0.03
820,10:18:00,62.42,0.01
821,10:18:03,62.46,0.04
822,10:18:06,62.41,-0.05
823,10:18:08,62.41,0.0
824,10:18:12,62.47,0.06
825,10:18:15,62.5,0.03
826,10:18:17,62.53,0.03
827,10:18:20,62.5,-0.03
828,10:18:26,62.5,0.0
829,10:18:30,62.55,0.05
830,10:18:36,62.5,-0.05
831,10:18:38,62.56,0.06
832,10:18:41,62.5,-0.06
833,10:18:45,62.58,0.08
834,10:18:50,62.58,0.0
835,10:18:54,62.58,0.0
836,10:18:57,62.59,0.01
837,10:19:05,62.58,-0.01
838,10:19:09,62.5,-0.08
839,10:19:12,62.54,0.04
840,10:19:17,62.5,-0.04
841,10:19:21,62.42,-0.08
842,10:19:23,62.42,0.0
843,10:19:32,62.5,0.08
844,10:19:38,62.55,0.05
845,10:19:45,62.5,-0.05
846,10:19:47,62.39,-0.11
847,10:19:53,62.54,0.15
848,10:19:57,62.4,-0.14
849,10:20:00,62.4,0.0
850,10:20:06,62.52,0.12
851,10:20:17,62.4,-0.12
852,10:20:20,62.4,0.0
853,10:20:23,62.5,0.1
854,10:20:33,62.41,-0.09
855,10:20:38,62.41,0.0
856,10:20:45,62.52,0.11
857,10:20:48,62.52,0.0
858,10:20:54,62.52,0.0
859,10:20:57,62.53,0.01
860,10:20:59,62.55,0.02
861,10:21:06,62.55,0.0
862,10:21:09,62.55,0.0
863,10:21:11,62.58,0.03
864,10:21:15,62.6,0.02
865,10:21:18,62.64,0.04
866,10:21:21,62.65,0.01
867,10:21:24,62.76,0.11
868,10:21:27,62.79,0.03
869,10:21:30,62.65,-0.14
870,10:21:32,62.8,0.15
871,10:21:36,62.65,-0.15
872,10:21:39,62.8,0.15
873,10:21:41,62.8,0.0
874,10:21:45,62.82,0.02
875,10:21:48,62.84,0.02
876,10:21:50,62.82,-0.02
877,10:21:54,62.86,0.04
878,10:21:57,62.86,0.0
879,10:21:59,62.84,-0.02
880,10:22:02,62.86,0.02
881,10:22:05,62.86,0.0
882,10:22:09,62.86,0.0
883,10:22:12,62.86,0.0
884,10:22:14,62.86,0.0
885,10:22:17,62.86,0.0
886,10:22:21,62.88,0.02
887,10:22:24,62.86,-0.02
888,10:22:30,62.88,0.02
889,10:22:33,62.9,0.02
890,10:22:36,62.9,0.0
891,10:22:39,62.9,0.0
892,10:22:44,62.93,0.03
893,10:22:48,62.92,-0.01
894,10:22:51,62.9,-0.02
895,10:22:53,62.9,0.0
896,10:22:57,62.95,0.05
897,10:22:59,62.93,-0.02
898,10:23:08,62.93,0.0
899,10:23:14,62.93,0.0
900,10:23:18,62.88,-0.05
901,10:23:27,62.93,0.05
902,10:23:36,62.88,-0.05
903,10:23:39,62.87,-0.01
904,10:23:42,62.92,0.05
905,10:23:48,62.92,0.0
906,10:23:51,62.92,0.0
907,10:23:56,62.92,0.0
908,10:24:00,62.93,0.01
909,10:24:02,62.89,-0.04
910,10:24:06,62.83,-0.06
911,10:24:14,62.88,0.05
912,10:24:20,62.82,-0.06
913,10:24:23,62.82,0.0
914,10:24:26,62.82,0.0
915,10:24:29,62.82,0.0
916,10:24:33,62.64,-0.18
917,10:24:45,62.82,0.18
918,10:24:48,62.64,-0.18
919,10:24:51,62.65,0.01
920,10:24:56,62.64,-0.01
921,10:25:08,62.65,0.01
922,10:25:21,62.8,0.15
923,10:25:24,62.85,0.05
924,10:25:29,62.66,-0.19
925,10:25:39,62.82,0.16
926,10:25:41,62.84,0.02
927,10:25:51,62.84,0.0
928,10:25:54,62.84,0.0
929,10:25:57,62.85,0.01
930,10:26:00,62.88,0.03
931,10:26:09,62.89,0.01
932,10:26:12,62.88,-0.01
933,10:26:14,62.9,0.02
934,10:26:17,62.9,0.0
935,10:26:20,62.91,0.01
936,10:26:24,62.91,0.0
937,10:26:30,62.91,0.0
938,10:26:32,62.91,0.0
939,10:26:36,62.92,0.01
940,10:26:39,62.89,-0.03
941,10:26:47,62.91,0.02
942,10:26:50,62.91,0.0
943,10:26:54,62.91,0.0
944,10:26:57,62.92,0.01
945,10:27:00,62.91,-0.01
946,10:27:04,62.9,-0.01
947,10:27:08,62.91,0.01
948,10:27:12,62.92,0.01
949,10:27:14,62.92,0.0
950,10:27:17,62.92,0.0
951,10:27:21,62.92,0.0
952,10:27:23,62.92,0.0
953,10:27:27,62.93,0.01
954,10:27:38,62.98,0.05
955,10:27:43,62.99,0.01
956,10:27:48,62.95,-0.04
957,10:27:51,62.95,0.0
958,10:27:53,62.99,0.04
959,10:27:56,63.0,0.01
960,10:28:00,63.0,0.0
961,10:28:02,63.0,0.0
962,10:28:06,63.0,0.0
963,10:28:09,63.08,0.08
964,10:28:14,63.08,0.0
965,10:28:18,63.0,-0.08
966,10:28:20,63.1,0.1
967,10:28:24,63.1,0.0
968,10:28:27,63.0,-0.1
969,10:28:30,63.11,0.11
970,10:28:33,63.1,-0.01
971,10:28:38,63.16,0.06
972,10:28:42,63.1,-0.06
973,10:28:45,63.0,-0.1
974,10:28:48,63.1,0.1
975,10:28:51,63.16,0.06
976,10:28:54,63.28,0.12
977,10:28:56,63.13,-0.15
978,10:29:00,63.1,-0.03
979,10:29:02,63.22,0.12
980,10:29:06,63.2,-0.02
981,10:29:11,63.13,-0.07
982,10:29:17,63.13,0.0
983,10:29:24,63.2,0.07
984,10:29:27,63.19,-0.01
985,10:29:29,63.19,0.0
986,10:29:32,63.3,0.11
987,10:29:35,63.01,-0.29
988,10:29:38,63.08,0.07
989,10:29:42,63.01,-0.07
990,10:29:47,63.1,0.09
991,10:29:51,63.1,0.0
992,10:29:54,63.13,0.03
993,10:29:57,63.25,0.12
994,10:30:00,63.25,0.0
995,10:30:06,63.25,0.0
996,10:30:09,63.15,-0.1
997,10:30:11,63.11,-0.04
998,10:30:15,63.1,-0.01
999,10:30:18,63.15,0.05
1000,10:30:21,63.1,-0.05
1001,10:30:24,63.15,0.05
1002,10:30:30,63.1,-0.05
1003,10:30:42,63.02,-0.08
1004,10:30:45,63.02,0.0
1005,10:30:48,63.11,0.09
1006,10:30:50,63.12,0.01
1007,10:30:53,63.05,-0.07
1008,10:30:56,63.05,0.0
1009,10:31:03,63.04,-0.01
1010,10:31:06,63.09,0.05
1011,10:31:09,63.09,0.0
1012,10:31:12,63.09,0.0
1013,10:31:15,63.09,0.0
1014,10:31:18,63.09,0.0
1015,10:31:24,63.02,-0.07
1016,10:31:26,63.09,0.07
1017,10:31:30,63.04,-0.05
1018,10:31:36,63.02,-0.02
1019,10:31:38,63.02,0.0
1020,10:31:41,63.04,0.02
1021,10:31:45,63.02,-0.02
1022,10:31:48,63.04,0.02
1023,10:31:50,63.06,0.02
1024,10:31:54,63.1,0.04
1025,10:31:57,63.09,-0.01
1026,10:32:00,63.06,-0.03
1027,10:32:03,63.06,0.0
1028,10:32:09,63.06,0.0
1029,10:32:14,63.0,-0.06
1030,10:32:21,63.0,0.0
1031,10:32:26,63.0,0.0
1032,10:32:30,62.96,-0.04
1033,10:32:39,62.95,-0.01
1034,10:32:44,62.95,0.0
1035,10:32:48,62.96,0.01
1036,10:32:50,62.95,-0.01
1037,10:32:54,62.93,-0.02
1038,10:32:56,62.93,0.0
1039,10:32:59,62.87,-0.06
1040,10:33:09,62.95,0.08
1041,10:33:12,62.87,-0.08
1042,10:33:15,62.87,0.0
1043,10:33:18,62.87,0.0
1044,10:33:23,62.82,-0.05
1045,10:33:26,62.95,0.13
1046,10:33:36,62.82,-0.13
1047,10:33:39,62.82,0.0
1048,10:33:42,62.87,0.05
1049,10:33:47,62.82,-0.05
1050,10:33:51,62.82,0.0
1051,10:33:54,62.9,0.08
1052,10:33:57,62.82,-0.08
1053,10:33:59,62.8,-0.02
1054,10:34:03,62.8,0.0
1055,10:34:08,62.8,0.0
1056,10:34:11,62.7,-0.1
1057,10:34:18,62.68,-0.02
1058,10:34:21,62.67,-0.01
1059,10:34:24,62.67,0.0
1060,10:34:30,62.67,0.0
1061,10:34:35,62.65,-0.02
1062,10:34:38,62.6,-0.05
1063,10:34:41,62.56,-0.04
1064,10:34:48,62.56,0.0
1065,10:34:54,62.6,0.04
1066,10:34:57,62.6,0.0
1067,10:35:00,62.6,0.0
1068,10:35:02,62.6,0.0
1069,10:35:09,62.56,-0.04
1070,10:35:12,62.56,0.0
1071,10:35:17,62.65,0.09
1072,10:35:21,62.57,-0.08
1073,10:35:23,62.57,0.0
1074,10:35:36,62.57,0.0
1075,10:35:38,62.56,-0.01
1076,10:35:48,62.56,0.0
1077,10:35:51,62.56,0.0
1078,10:35:56,62.56,0.0
1079,10:35:59,62.63,0.07
1080,10:36:02,62.63,0.0
1081,10:36:12,62.56,-0.07
1082,10:36:16,62.56,0.0
1083,10:36:18,62.53,-0.03
1084,10:36:20,62.52,-0.01
1085,10:36:24,62.5,-0.02
1086,10:36:30,62.63,0.13
1087,10:36:35,62.4,-0.23
1088,10:36:42,62.39,-0.01
1089,10:36:48,62.38,-0.01
1090,10:36:51,62.4,0.02
1091,10:36:53,62.39,-0.01
1092,10:36:57,62.39,0.0
1093,10:37:00,62.4,0.01
1094,10:37:03,62.49,0.09
1095,10:37:05,62.49,0.0
1096,10:37:09,62.49,0.0
1097,10:37:12,62.52,0.03
1098,10:37:15,62.68,0.16
1099,10:37:17,62.79,0.11
1100,10:37:20,62.79,0.0
1101,10:37:23,62.41,-0.38
1102,10:37:27,62.68,0.27
1103,10:37:42,62.57,-0.11
1104,10:37:45,62.67,0.1
1105,10:37:47,62.57,-0.1
1106,10:37:50,62.57,0.0
1107,10:37:57,62.57,0.0
1108,10:38:00,62.67,0.1
1109,10:38:07,62.57,-0.1
1110,10:38:15,62.66,0.09
1111,10:38:20,62.43,-0.23
1112,10:38:24,62.57,0.14
1113,10:38:45,62.56,-0.01
1114,10:38:48,62.44,-0.12
1115,10:38:51,62.4,-0.04
1116,10:38:54,62.53,0.13
1117,10:38:56,62.53,0.0
1118,10:39:04,62.43,-0.1
1119,10:39:06,62.43,0.0
1120,10:39:09,62.43,0.0
1121,10:39:11,62.48,0.05
1122,10:39:18,62.53,0.05
1123,10:39:21,62.53,0.0
1124,10:39:27,62.48,-0.05
1125,10:39:30,62.53,0.05
1126,10:39:36,62.4,-0.13
1127,10:39:45,62.43,0.03
1128,10:39:49,62.53,0.1
1129,10:39:50,62.53,0.0
1130,10:39:54,62.53,0.0
1131,10:40:17,62.44,-0.09
1132,10:40:27,62.52,0.08
1133,10:40:30,62.44,-0.08
1134,10:40:33,62.42,-0.02
1135,10:40:36,62.52,0.1
1136,10:40:39,62.57,0.05
1137,10:40:41,62.53,-0.04
1138,10:40:49,62.52,-0.01
1139,10:40:54,62.52,0.0
1140,10:40:57,62.42,-0.1
1141,10:41:00,62.52,0.1
1142,10:41:03,62.57,0.05
1143,10:41:06,62.57,0.0
1144,10:41:12,62.66,0.09
1145,10:41:18,62.52,-0.14
1146,10:41:44,62.65,0.13
1147,10:41:49,62.53,-0.12
1148,10:41:56,62.65,0.12
1149,10:42:02,62.61,-0.04
1150,10:42:06,62.61,0.0
1151,10:42:11,62.65,0.04
1152,10:42:15,62.52,-0.13
1153,10:42:18,62.59,0.07
1154,10:42:21,62.59,0.0
1155,10:42:24,62.59,0.0
1156,10:42:27,62.6,0.01
1157,10:42:29,62.6,0.0
1158,10:42:34,62.65,0.05
1159,10:42:36,62.59,-0.06
1160,10:42:49,62.52,-0.07
1161,10:42:50,62.52,0.0
1162,10:42:54,62.52,0.0
1163,10:42:56,62.52,0.0
1164,10:42:59,62.52,0.0
1165,10:43:04,62.57,0.05
1166,10:43:06,62.57,0.0
1167,10:43:09,62.57,0.0
1168,10:43:12,62.58,0.01
1169,10:43:15,62.57,-0.01
1170,10:43:18,62.58,0.01
1171,10:43:21,62.58,0.0
1172,10:43:24,62.58,0.0
1173,10:43:26,62.6,0.02
1174,10:43:39,62.58,-0.02
1175,10:43:42,62.59,0.01
1176,10:43:51,62.58,-0.01
1177,10:44:04,62.57,-0.01
1178,10:44:12,62.58,0.01
1179,10:44:14,62.57,-0.01
1180,10:44:19,62.57,0.0
1181,10:44:20,62.58,0.01
1182,10:44:24,62.57,-0.01
1183,10:44:27,62.57,0.0
1184,10:44:30,62.64,0.07
1185,10:44:32,62.65,0.01
1186,10:44:39,62.64,-0.01
1187,10:44:42,62.65,0.01
1188,10:44:45,62.65,0.0
1189,10:44:50,62.65,0.0
1190,10:44:54,62.68,0.03
1191,10:45:09,62.79,0.11
1192,10:45:12,62.79,0.0
1193,10:45:15,62.79,0.0
1194,10:45:21,62.7,-0.09
1195,10:45:27,62.79,0.09
1196,10:45:29,62.79,0.0
1197,10:45:33,62.7,-0.09
1198,10:45:42,62.79,0.09
1199,10:45:46,62.81,0.02
1200,10:45:49,62.82,0.01
1201,10:45:50,62.87,0.05
1202,10:46:00,62.93,0.06
1203,10:46:06,62.88,-0.05
1204,10:46:09,62.92,0.04
1205,10:46:11,62.93,0.01
1206,10:46:16,62.97,0.04
1207,10:46:19,62.99,0.02
1208,10:46:21,62.99,0.0
1209,10:46:24,62.97,-0.02
1210,10:46:26,63.0,0.03
1211,10:46:30,62.99,-0.01
1212,10:46:34,63.06,0.07
1213,10:46:36,63.06,0.0
1214,10:46:39,63.06,0.0
1215,10:46:42,63.0,-0.06
1216,10:46:47,63.0,0.0
1217,10:46:51,63.04,0.04
1218,10:46:54,63.0,-0.04
1219,10:46:57,63.03,0.03
1220,10:47:00,63.0,-0.03
1221,10:47:04,63.0,0.0
1222,10:47:06,63.0,0.0
1223,10:47:09,62.99,-0.01
1224,10:47:12,63.0,0.01
1225,10:47:14,63.0,0.0
1226,10:47:19,62.99,-0.01
1227,10:47:21,62.99,0.0
1228,10:47:27,62.99,0.0
1229,10:47:30,62.99,0.0
1230,10:47:34,62.99,0.0
1231,10:47:40,62.99,0.0
1232,10:47:42,62.89,-0.1
1233,10:47:47,62.96,0.07
1234,10:47:49,62.88,-0.08
1235,10:47:51,62.89,0.01
1236,10:47:54,62.89,0.0
1237,10:47:59,62.99,0.1
1238,10:48:12,62.99,0.0
1239,10:48:15,62.89,-0.1
1240,10:48:21,63.04,0.15
1241,10:48:24,63.04,0.0
1242,10:48:27,63.04,0.0
1243,10:48:31,63.05,0.01
1244,10:48:34,63.1,0.05
1245,10:48:36,63.1,0.0
1246,10:48:39,63.05,-0.05
1247,10:48:46,63.2,0.15
1248,10:48:52,63.1,-0.1
1249,10:48:54,63.05,-0.05
1250,10:48:57,63.14,0.09
1251,10:49:00,63.2,0.06
1252,10:49:04,63.2,0.0
1253,10:49:06,63.14,-0.06
1254,10:49:09,63.1,-0.04
1255,10:49:21,63.06,-0.04
1256,10:49:24,63.1,0.04
1257,10:49:27,63.1,0.0
1258,10:49:30,63.1,0.0
1259,10:49:36,63.09,-0.01
1260,10:49:39,63.09,0.0
1261,10:49:43,63.06,-0.03
1262,10:49:48,63.06,0.0
1263,10:49:51,63.06,0.0
1264,10:49:56,63.09,0.03
1265,10:50:01,63.06,-0.03
1266,10:50:04,63.08,0.02
1267,10:50:10,63.06,-0.02
1268,10:50:12,63.06,0.0
1269,10:50:16,63.09,0.03
1270,10:50:18,63.06,-0.03
1271,10:50:22,63.08,0.02
1272,10:50:24,63.06,-0.02
1273,10:50:27,63.08,0.02
1274,10:50:30,63.08,0.0
1275,10:50:34,63.08,0.0
1276,10:50:36,63.06,-0.02
1277,10:50:40,63.08,0.02
1278,10:50:48,63.08,0.0
1279,10:50:51,63.06,-0.02
1280,10:50:54,63.06,0.0
1281,10:51:00,63.07,0.01
1282,10:51:06,63.06,-0.01
1283,10:51:10,63.07,0.01
1284,10:51:19,63.06,-0.01
1285,10:51:21,63.06,0.0
1286,10:51:28,63.06,0.0
1287,10:51:31,63.07,0.01
1288,10:51:37,63.06,-0.01
1289,10:51:39,63.07,0.01
1290,10:51:46,63.06,-0.01
1291,10:51:51,63.06,0.0
1292,10:51:55,63.08,0.02
1293,10:52:00,63.15,0.07
1294,10:52:03,63.2,0.05
1295,10:52:06,63.25,0.05
1296,10:52:09,63.26,0.01
1297,10:52:12,63.3,0.04
1298,10:52:15,63.3,0.0
1299,10:52:19,63.38,0.08
1300,10:52:21,63.36,-0.02
1301,10:52:24,63.5,0.14
1302,10:52:27,63.39,-0.11
1303,10:52:30,63.5,0.11
1304,10:52:34,63.5,0.0
1305,10:52:36,63.5,0.0
1306,10:52:39,63.5,0.0
1307,10:52:43,63.49,-0.01
1308,10:52:46,63.5,0.01
1309,10:52:49,63.41,-0.09
1310,10:52:51,63.41,0.0
1311,10:52:54,63.41,0.0
1312,10:53:00,63.52,0.11
1313,10:53:03,63.41,-0.11
1314,10:53:07,63.41,0.0
1315,10:53:09,63.41,0.0
1316,10:53:23,63.43,0.02
1317,10:53:24,63.51,0.08
1318,10:53:33,63.51,0.0
1319,10:53:36,63.48,-0.03
1320,10:53:40,63.52,0.04
1321,10:53:42,63.48,-0.04
1322,10:53:46,63.5,0.02
1323,10:53:49,63.5,0.0
1324,10:53:51,63.48,-0.02
1325,10:53:53,63.5,0.02
1326,10:53:55,63.5,0.0
1327,10:54:00,63.49,-0.01
1328,10:54:03,63.49,0.0
1329,10:54:07,63.5,0.01
1330,10:54:09,63.5,0.0
1331,10:54:15,63.5,0.0
1332,10:54:19,63.5,0.0
1333,10:54:21,63.48,-0.02
1334,10:54:28,63.48,0.0
1335,10:54:30,63.49,0.01
1336,10:54:33,63.48,-0.01
1337,10:54:36,63.49,0.01
1338,10:54:39,63.49,0.0
1339,10:54:52,63.48,-0.01
1340,10:54:54,63.48,0.0
1341,10:54:57,63.48,0.0
1342,10:55:00,63.49,0.01
1343,10:55:06,63.48,-0.01
1344,10:55:09,63.48,0.0
1345,10:55:17,63.39,-0.09
1346,10:55:21,63.48,0.09
1347,10:55:27,63.39,-0.09
1348,10:55:31,63.45,0.06
1349,10:55:33,63.45,0.0
1350,10:55:34,63.39,-0.06
1351,10:55:38,63.45,0.06
1352,10:55:42,63.39,-0.06
1353,10:55:45,63.39,0.0
1354,10:55:52,63.45,0.06
1355,10:55:54,63.45,0.0
1356,10:55:57,63.39,-0.06
1357,10:56:00,63.44,0.05
1358,10:56:02,63.47,0.03
1359,10:56:09,63.44,-0.03
1360,10:56:21,63.44,0.0
1361,10:56:30,63.4,-0.04
1362,10:56:36,63.35,-0.05
1363,10:56:39,63.4,0.05
1364,10:56:43,63.35,-0.05
1365,10:56:48,63.39,0.04
1366,10:56:52,63.39,0.0
1367,10:56:58,63.12,-0.27
1368,10:57:00,63.35,0.23
1369,10:57:04,63.4,0.05
1370,10:57:06,63.4,0.0
1371,10:57:09,63.4,0.0
1372,10:57:13,63.4,0.0
1373,10:57:15,63.4,0.0
1374,10:57:19,63.4,0.0
1375,10:57:19,63.4,0.0
1376,10:57:24,63.4,0.0
1377,10:57:30,63.4,0.0
1378,10:57:34,63.4,0.0
1379,10:57:36,63.4,0.0
1380,10:57:39,63.4,0.0
1381,10:57:42,63.36,-0.04
1382,10:57:48,63.36,0.0
1383,10:57:51,63.36,0.0
1384,10:57:54,63.4,0.04
1385,10:57:57,63.39,-0.01
1386,10:58:03,63.4,0.01
1387,10:58:04,63.46,0.06
1388,10:58:09,63.46,0.0
1389,10:58:12,63.4,-0.06
1390,10:58:16,63.45,0.05
1391,10:58:22,63.45,0.0
1392,10:58:25,63.45,0.0
1393,10:58:29,63.4,-0.05
1394,10:58:33,63.39,-0.01
1395,10:58:36,63.4,0.01
1396,10:58:38,63.4,0.0
1397,10:58:48,63.39,-0.01
1398,10:58:51,63.41,0.02
1399,10:58:57,63.18,-0.23
1400,10:59:00,63.4,0.22
1401,10:59:09,63.4,0.0
1402,10:59:13,63.21,-0.19
1403,10:59:19,63.22,0.01
1404,10:59:21,63.39,0.17
1405,10:59:30,63.4,0.01
1406,10:59:36,63.21,-0.19
1407,10:59:39,63.39,0.18
1408,10:59:42,63.41,0.02
1409,10:59:46,63.53,0.12
1410,10:59:47,63.58,0.05
1411,10:59:49,63.63,0.05
1412,10:59:54,63.65,0.02
1413,10:59:57,63.68,0.03
1414,11:00:00,63.78,0.1
1415,11:00:03,63.8,0.02
1416,11:00:06,63.8,0.0
1417,11:00:08,63.8,0.0
1418,11:00:12,63.83,0.03
1419,11:00:15,63.8,-0.03
1420,11:00:18,63.8,0.0
1421,11:00:21,63.85,0.05
1422,11:00:24,63.83,-0.02
1423,11:00:27,63.88,0.05
1424,11:00:29,63.85,-0.03
1425,11:00:33,63.88,0.03
1426,11:00:36,64.0,0.12
1427,11:00:38,64.0,0.0
1428,11:00:40,64.0,0.0
1429,11:00:45,64.2,0.2
1430,11:00:48,64.0,-0.2
1431,11:00:51,64.03,0.03
1432,11:00:53,64.03,0.0
1433,11:00:57,64.03,0.0
1434,11:01:00,64.03,0.0
1435,11:01:03,64.03,0.0
1436,11:01:06,64.21,0.18
1437,11:01:09,64.21,0.0
1438,11:01:13,64.21,0.0
1439,11:01:15,64.14,-0.07
1440,11:01:18,64.13,-0.01
1441,11:01:21,64.21,0.08
1442,11:01:27,64.03,-0.18
1443,11:01:29,64.13,0.1
1444,11:01:33,64.13,0.0
1445,11:01:36,64.01,-0.12
1446,11:01:39,64.11,0.1
1447,11:01:43,64.0,-0.11
1448,11:01:45,64.25,0.25
1449,11:01:48,64.16,-0.09
1450,11:01:51,64.16,0.0
1451,11:01:54,64.15,-0.01
1452,11:01:57,64.11,-0.04
1453,11:02:00,64.07,-0.04
1454,11:02:04,64.07,0.0
1455,11:02:07,64.14,0.07
1456,11:02:09,64.14,0.0
1457,11:02:12,64.14,0.0
1458,11:02:15,64.14,0.0
1459,11:02:19,64.0,-0.14
1460,11:02:21,64.0,0.0
1461,11:02:24,64.14,0.14
1462,11:02:30,64.0,-0.14
1463,11:02:36,64.0,0.0
1464,11:02:39,63.59,-0.41
1465,11:02:42,63.6,0.01
1466,11:02:45,64.0,0.4
1467,11:02:47,64.1,0.1
1468,11:02:51,64.0,-0.1
1469,11:02:54,64.0,0.0
1470,11:02:57,64.0,0.0
1471,11:03:00,64.04,0.04
1472,11:03:03,64.09,0.05
1473,11:03:06,64.1,0.01
1474,11:03:09,64.1,0.0
1475,11:03:12,64.1,0.0
1476,11:03:15,64.1,0.0
1477,11:03:17,64.26,0.16
1478,11:03:21,64.2,-0.06
1479,11:03:24,64.2,0.0
1480,11:03:30,64.24,0.04
1481,11:03:33,64.2,-0.04
1482,11:03:37,64.2,0.0
1483,11:03:39,64.2,0.0
1484,11:03:43,64.25,0.05
1485,11:03:44,64.2,-0.05
1486,11:03:51,64.2,0.0
1487,11:03:54,64.2,0.0
1488,11:03:57,64.2,0.0
1489,11:04:00,64.2,0.0
1490,11:04:03,64.21,0.01
1491,11:04:06,64.21,0.0
1492,11:04:09,64.23,0.02
1493,11:04:12,64.23,0.0
1494,11:04:15,64.21,-0.02
1495,11:04:17,64.22,0.01
1496,11:04:21,64.2,-0.02
1497,11:04:23,64.23,0.03
1498,11:04:27,64.24,0.01
1499,11:04:30,64.22,-0.02
1500,11:04:33,64.22,0.0
1501,11:04:42,64.22,0.0
1502,11:04:44,64.25,0.03
1503,11:04:48,64.21,-0.04
1504,11:04:51,64.2,-0.01
1505,11:04:55,64.27,0.07
1506,11:05:00,64.27,0.0
1507,11:05:03,64.23,-0.04
1508,11:05:04,64.23,0.0
1509,11:05:09,64.27,0.04
1510,11:05:12,64.27,0.0
1511,11:05:15,64.23,-0.04
1512,11:05:18,64.07,-0.16
1513,11:05:21,64.2,0.13
1514,11:05:24,64.07,-0.13
1515,11:05:27,64.07,0.0
1516,11:05:29,64.19,0.12
1517,11:05:32,64.07,-0.12
1518,11:05:36,64.07,0.0
1519,11:05:39,64.19,0.12
1520,11:05:42,64.04,-0.15
1521,11:05:51,64.19,0.15
1522,11:06:00,64.04,-0.15
1523,11:06:03,64.04,0.0
1524,11:06:06,64.04,0.0
1525,11:06:08,64.04,0.0
1526,11:06:15,63.95,-0.09
1527,11:06:18,63.6,-0.35
1528,11:06:21,63.56,-0.04
1529,11:06:24,63.61,0.05
1530,11:06:27,63.62,0.01
1531,11:06:30,64.03,0.41
1532,11:06:33,63.56,-0.47
1533,11:06:39,64.0,0.44
1534,11:06:42,63.6,-0.4
1535,11:06:48,63.62,0.02
1536,11:06:52,63.62,0.0
1537,11:06:54,63.93,0.31
1538,11:06:57,63.7,-0.23
1539,11:07:00,63.62,-0.08
1540,11:07:04,63.64,0.02
1541,11:07:04,63.88,0.24
1542,11:07:09,63.88,0.0
1543,11:07:12,63.88,0.0
1544,11:07:14,63.88,0.0
1545,11:07:18,63.88,0.0
1546,11:07:19,63.66,-0.22
1547,11:07:24,63.65,-0.01
1548,11:07:27,63.61,-0.04
1549,11:07:30,63.83,0.22
1550,11:07:34,63.88,0.05
1551,11:07:37,63.83,-0.05
1552,11:07:39,63.88,0.05
1553,11:07:42,63.63,-0.25
1554,11:07:51,63.65,0.02
1555,11:07:54,63.63,-0.02
1556,11:07:55,63.63,0.0
1557,11:08:00,63.83,0.2
1558,11:08:03,63.63,-0.2
1559,11:08:09,63.63,0.0
1560,11:08:12,63.82,0.19
1561,11:08:14,63.63,-0.19
1562,11:08:19,63.63,0.0
1563,11:08:24,63.63,0.0
1564,11:08:30,63.63,0.0
1565,11:08:34,63.62,-0.01
1566,11:08:39,63.62,0.0
1567,11:08:43,63.62,0.0
1568,11:08:44,63.62,0.0
1569,11:08:48,63.84,0.22
1570,11:08:51,63.84,0.0
1571,11:08:54,63.84,0.0
1572,11:08:57,63.84,0.0
1573,11:09:00,63.89,0.05
1574,11:09:02,63.63,-0.26
1575,11:09:06,63.63,0.0
1576,11:09:09,63.63,0.0
1577,11:09:13,63.62,-0.01
1578,11:09:15,63.63,0.01
1579,11:09:21,63.63,0.0
1580,11:09:27,63.88,0.25
1581,11:09:30,63.88,0.0
1582,11:09:32,63.95,0.07
1583,11:09:39,63.83,-0.12
1584,11:09:42,63.9,0.07
1585,11:09:45,63.83,-0.07
1586,11:09:49,63.66,-0.17
1587,11:09:53,63.83,0.17
1588,11:09:57,63.88,0.05
1589,11:10:03,63.83,-0.05
1590,11:10:09,63.78,-0.05
1591,11:10:12,63.83,0.05
1592,11:10:16,63.66,-0.17
1593,11:10:17,63.67,0.01
1594,11:10:21,63.78,0.11
1595,11:10:24,63.78,0.0
1596,11:10:30,63.83,0.05
1597,11:10:34,63.78,-0.05
1598,11:10:37,63.7,-0.08
1599,11:10:39,63.7,0.0
1600,11:10:40,63.68,-0.02
1601,11:10:45,63.74,0.06
1602,11:10:47,63.74,0.0
1603,11:10:51,63.74,0.0
1604,11:10:54,63.74,0.0
1605,11:10:57,63.74,0.0
1606,11:10:59,63.72,-0.02
1607,11:11:03,63.68,-0.04
1608,11:11:06,63.68,0.0
1609,11:11:09,63.68,0.0
1610,11:11:13,63.67,-0.01
1611,11:11:15,63.67,0.0
1612,11:11:17,63.63,-0.04
1613,11:11:21,63.71,0.08
1614,11:11:24,63.71,0.0
1615,11:11:28,63.71,0.0
1616,11:11:29,63.74,0.03
1617,11:11:33,63.71,-0.03
1618,11:11:36,63.71,0.0
1619,11:11:38,63.71,0.0
1620,11:11:42,63.71,0.0
1621,11:11:44,63.71,0.0
1622,11:11:48,63.79,0.08
1623,11:11:52,63.79,0.0
1624,11:11:54,63.79,0.0
1625,11:11:57,63.79,0.0
1626,11:11:59,63.74,-0.05
1627,11:12:06,63.68,-0.06
1628,11:12:09,63.66,-0.02
1629,11:12:12,63.6,-0.06
1630,11:12:15,63.57,-0.03
1631,11:12:18,63.57,0.0
1632,11:12:19,63.57,0.0
1633,11:12:23,63.57,0.0
1634,11:12:25,63.57,0.0
1635,11:12:30,63.57,0.0
1636,11:12:33,63.55,-0.02
1637,11:12:37,63.55,0.0
1638,11:12:39,63.5,-0.05
1639,11:12:43,63.57,0.07
1640,11:12:46,63.3,-0.27
1641,11:12:48,63.3,0.0
1642,11:12:51,63.58,0.28
1643,11:12:54,63.21,-0.37
1644,11:13:00,63.21,0.0
1645,11:13:04,63.3,0.09
1646,11:13:04,63.22,-0.08
1647,11:13:09,63.22,0.0
1648,11:13:12,63.3,0.08
1649,11:13:15,63.4,0.1
1650,11:13:18,63.45,0.05
1651,11:13:24,63.45,0.0
1652,11:13:27,63.45,0.0
1653,11:13:30,63.54,0.09
1654,11:13:32,63.54,0.0
1655,11:13:36,63.54,0.0
1656,11:13:39,63.54,0.0
1657,11:13:42,63.54,0.0
1658,11:13:46,63.45,-0.09
1659,11:13:48,63.49,0.04
1660,11:13:51,63.45,-0.04
1661,11:13:53,63.45,0.0
1662,11:13:55,63.45,0.0
1663,11:13:59,63.54,0.09
1664,11:14:06,63.54,0.0
1665,11:14:09,63.49,-0.05
1666,11:14:10,63.49,0.0
1667,11:14:18,63.49,0.0
1668,11:14:21,63.54,0.05
1669,11:14:24,63.54,0.0
1670,11:14:30,63.53,-0.01
1671,11:14:32,63.58,0.05
1672,11:14:36,63.58,0.0
1673,11:14:38,63.46,-0.12
1674,11:14:42,63.53,0.07
1675,11:14:44,63.46,-0.07
1676,11:14:51,63.52,0.06
1677,11:14:54,63.44,-0.08
1678,11:14:57,63.44,0.0
1679,11:15:03,63.25,-0.19
1680,11:15:09,63.4,0.15
1681,11:15:14,63.56,0.16
1682,11:15:18,63.56,0.0
1683,11:15:19,63.46,-0.1
1684,11:15:24,63.46,0.0
1685,11:15:29,63.51,0.05
1686,11:15:36,63.51,0.0
1687,11:15:39,63.51,0.0
1688,11:15:43,63.46,-0.05
1689,11:15:49,63.51,0.05
1690,11:15:53,63.51,0.0
1691,11:16:03,63.48,-0.03
1692,11:16:04,63.48,0.0
1693,11:16:07,63.46,-0.02
1694,11:16:12,63.5,0.04
1695,11:16:17,63.48,-0.02
1696,11:16:19,63.41,-0.07
1697,11:16:25,63.51,0.1
1698,11:16:30,63.53,0.02
1699,11:16:33,63.53,0.0
1700,11:16:36,63.53,0.0
1701,11:16:42,63.53,0.0
1702,11:16:48,63.53,0.0
1703,11:16:51,63.55,0.02
1704,11:16:58,63.28,-0.27
1705,11:16:59,63.49,0.21
1706,11:17:04,63.3,-0.19
1707,11:17:09,63.3,0.0
1708,11:17:13,63.49,0.19
1709,11:17:17,63.3,-0.19
1710,11:17:19,63.48,0.18
1711,11:17:24,63.48,0.0
1712,11:17:33,63.38,-0.1
1713,11:17:39,63.3,-0.08
1714,11:17:42,63.3,0.0
1715,11:17:48,63.28,-0.02
1716,11:17:49,63.3,0.02
1717,11:17:54,63.3,0.0
1718,11:18:00,63.43,0.13
1719,11:18:04,63.3,-0.13
1720,11:18:12,63.27,-0.03
1721,11:18:15,63.3,0.03
1722,11:18:22,63.3,0.0
1723,11:18:24,63.35,0.05
1724,11:18:25,63.35,0.0
1725,11:18:30,63.25,-0.1
1726,11:18:33,63.25,0.0
1727,11:18:37,63.27,0.02
1728,11:18:39,63.22,-0.05
1729,11:18:43,63.3,0.08
1730,11:18:44,63.3,0.0
1731,11:18:48,63.3,0.0
1732,11:18:51,63.27,-0.03
1733,11:18:57,63.27,0.0
1734,11:19:00,63.3,0.03
1735,11:19:04,63.32,0.02
1736,11:19:04,63.32,0.0
1737,11:19:10,63.32,0.0
1738,11:19:15,63.35,0.03
1739,11:19:19,63.22,-0.13
1740,11:19:21,63.27,0.05
1741,11:19:24,63.23,-0.04
1742,11:19:28,63.22,-0.01
1743,11:19:30,63.22,0.0
1744,11:19:34,63.21,-0.01
1745,11:19:38,63.21,0.0
1746,11:19:42,63.21,0.0
1747,11:19:45,63.21,0.0
1748,11:19:49,63.21,0.0
1749,11:19:51,63.22,0.01
1750,11:19:54,63.22,0.0
1751,11:19:57,63.2,-0.02
1752,11:20:00,63.21,0.01
1753,11:20:03,63.22,0.01
1754,11:20:07,63.18,-0.04
1755,11:20:12,63.29,0.11
1756,11:20:17,63.23,-0.06
1757,11:20:21,63.34,0.11
1758,11:20:24,63.34,0.0
1759,11:20:27,63.34,0.0
1760,11:20:30,63.34,0.0
1761,11:20:33,63.29,-0.05
1762,11:20:34,63.34,0.05
1763,11:20:39,63.29,-0.05
1764,11:20:42,63.29,0.0
1765,11:20:45,63.29,0.0
1766,11:20:48,63.3,0.01
1767,11:20:52,63.34,0.04
1768,11:20:54,63.38,0.04
1769,11:20:57,63.34,-0.04
1770,11:21:00,63.46,0.12
1771,11:21:04,63.49,0.03
1772,11:21:06,63.5,0.01
1773,11:21:12,63.53,0.03
1774,11:21:15,63.58,0.05
1775,11:21:17,63.53,-0.05
1776,11:21:21,63.56,0.03
1777,11:21:24,63.66,0.1
1778,11:21:27,63.45,-0.21
1779,11:21:30,63.45,0.0
1780,11:21:32,63.6,0.15
1781,11:21:36,63.45,-0.15
1782,11:21:39,63.45,0.0
1783,11:21:42,63.55,0.1
1784,11:21:45,63.66,0.11
1785,11:21:48,63.55,-0.11
1786,11:21:54,63.38,-0.17
1787,11:21:57,63.45,0.07
1788,11:22:03,63.33,-0.12
1789,11:22:06,63.57,0.24
1790,11:22:09,63.64,0.07
1791,11:22:12,63.64,0.0
1792,11:22:15,63.66,0.02
1793,11:22:19,63.75,0.09
1794,11:22:23,63.66,-0.09
1795,11:22:27,63.61,-0.05
1796,11:22:30,63.63,0.02
1797,11:22:33,63.61,-0.02
1798,11:22:37,63.61,0.0
1799,11:22:42,63.63,0.02
1800,11:22:44,63.63,0.0
1801,11:22:48,63.63,0.0
1802,11:22:49,63.73,0.1
1803,11:22:53,63.78,0.05
1804,11:22:57,63.73,-0.05
1805,11:23:00,63.73,0.0
1806,11:23:06,63.79,0.06
1807,11:23:12,63.79,0.0
1808,11:23:14,63.73,-0.06
1809,11:23:18,63.73,0.0
1810,11:23:19,63.63,-0.1
1811,11:23:24,63.58,-0.05
1812,11:23:27,63.63,0.05
1813,11:23:34,63.73,0.1
1814,11:23:36,63.4,-0.33
1815,11:23:39,63.4,0.0
1816,11:23:48,63.63,0.23
1817,11:23:51,63.72,0.09
1818,11:23:54,63.63,-0.09
1819,11:23:58,63.63,0.0
1820,11:24:03,63.41,-0.22
1821,11:24:06,63.63,0.22
1822,11:24:09,63.7,0.07
1823,11:24:10,63.63,-0.07
1824,11:24:15,63.44,-0.19
1825,11:24:18,63.41,-0.03
1826,11:24:21,63.63,0.22
1827,11:24:27,63.63,0.0
1828,11:24:30,63.48,-0.15
1829,11:24:33,63.48,0.0
1830,11:24:37,63.48,0.0
1831,11:24:39,63.48,0.0
1832,11:24:42,63.63,0.15
1833,11:24:44,63.49,-0.14
1834,11:24:48,63.44,-0.05
1835,11:24:51,63.63,0.19
1836,11:24:54,63.63,0.0
1837,11:24:55,63.6,-0.03
1838,11:25:00,63.63,0.03
1839,11:25:02,63.7,0.07
1840,11:25:04,63.7,0.0
1841,11:25:08,63.7,0.0
1842,11:25:10,63.7,0.0
1843,11:25:14,63.79,0.09
1844,11:25:17,63.8,0.01
1845,11:25:19,63.79,-0.01
1846,11:25:24,63.76,-0.03
1847,11:25:27,63.81,0.05
1848,11:25:30,63.83,0.02
1849,11:25:33,63.83,0.0
1850,11:25:34,63.81,-0.02
1851,11:25:38,63.8,-0.01
1852,11:25:40,63.8,0.0
1853,11:25:48,63.8,0.0
1854,11:25:51,63.83,0.03
1855,11:25:54,63.8,-0.03
1856,11:25:57,63.83,0.03
1857,11:26:02,63.9,0.07
1858,11:26:06,64.0,0.1
1859,11:26:09,64.01,0.01
1860,11:26:12,64.12,0.11
1861,11:26:15,63.91,-0.21
1862,11:26:18,63.97,0.06
1863,11:26:21,64.12,0.15
1864,11:26:27,63.85,-0.27
1865,11:26:30,64.09,0.24
1866,11:26:33,64.09,0.0
1867,11:26:34,64.04,-0.05
1868,11:26:39,64.07,0.03
1869,11:26:40,64.12,0.05
1870,11:26:45,64.16,0.04
1871,11:26:48,64.1,-0.06
1872,11:26:49,64.11,0.01
1873,11:26:53,64.1,-0.01
1874,11:26:57,63.86,-0.24
1875,11:27:03,64.17,0.31
1876,11:27:04,64.17,0.0
1877,11:27:08,63.97,-0.2
1878,11:27:17,64.16,0.19
1879,11:27:21,64.11,-0.05
1880,11:27:23,64.11,0.0
1881,11:27:27,64.15,0.04
1882,11:27:32,64.15,0.0
1883,11:27:36,64.11,-0.04
1884,11:27:42,64.04,-0.07
1885,11:27:44,64.04,0.0
1886,11:27:48,64.12,0.08
1887,11:27:51,64.12,0.0
1888,11:27:54,64.12,0.0
1889,11:28:03,64.15,0.03
1890,11:28:06,64.15,0.0
1891,11:28:09,64.15,0.0
1892,11:28:12,64.16,0.01
1893,11:28:15,64.12,-0.04
1894,11:28:21,64.16,0.04
1895,11:28:23,64.12,-0.04
1896,11:28:26,64.16,0.04
1897,11:28:30,64.1,-0.06
1898,11:28:33,64.12,0.02
1899,11:28:42,64.12,0.0
1900,11:28:45,64.12,0.0
1901,11:28:48,63.86,-0.26
1902,11:28:51,63.86,0.0
1903,11:28:55,64.12,0.26
1904,11:29:03,64.15,0.03
1905,11:29:06,64.15,0.0
1906,11:29:08,64.17,0.02
1907,11:29:12,64.18,0.01
1908,11:29:15,64.19,0.01
1909,11:29:24,64.19,0.0
1910,11:29:25,64.2,0.01
1911,11:29:29,64.19,-0.01
1912,11:29:32,64.2,0.01
1913,11:29:34,64.2,0.0
1914,11:29:38,64.2,0.0
1915,11:29:42,64.2,0.0
1916,11:29:44,64.19,-0.01
1917,11:29:51,64.19,0.0
1918,11:29:54,64.2,0.01
1919,11:29:57,64.15,-0.05
1920,13:00:01,64.19,0.04
1921,13:00:04,64.01,-0.18
1922,13:00:07,64.0,-0.01
1923,13:00:10,63.87,-0.13
1924,13:00:13,64.0,0.13
1925,13:00:16,64.0,0.0
1926,13:00:18,64.0,0.0
1927,13:00:21,63.85,-0.15
1928,13:00:24,63.92,0.07
1929,13:00:28,63.92,0.0
1930,13:00:30,63.92,0.0
1931,13:00:34,63.92,0.0
1932,13:00:36,63.86,-0.06
1933,13:00:38,64.0,0.14
1934,13:00:42,64.05,0.05
1935,13:00:48,64.0,-0.05
1936,13:00:54,64.05,0.05
1937,13:01:01,64.0,-0.05
1938,13:01:02,64.05,0.05
1939,13:01:10,64.05,0.0
1940,13:01:13,64.04,-0.01
1941,13:01:24,64.0,-0.04
1942,13:01:29,64.0,0.0
1943,13:01:33,64.0,0.0
1944,13:01:35,63.92,-0.08
1945,13:01:42,64.0,0.08
1946,13:01:46,63.92,-0.08
1947,13:01:51,64.05,0.13
1948,13:01:54,64.0,-0.05
1949,13:01:59,63.92,-0.08
1950,13:02:03,64.0,0.08
1951,13:02:06,63.92,-0.08
1952,13:02:09,63.92,0.0
1953,13:02:11,63.92,0.0
1954,13:02:14,64.0,0.08
1955,13:02:21,63.92,-0.08
1956,13:02:24,63.92,0.0
1957,13:02:31,63.8,-0.12
1958,13:02:33,63.96,0.16
1959,13:02:36,63.8,-0.16
1960,13:02:42,64.0,0.2
1961,13:02:45,63.8,-0.2
1962,13:02:49,63.8,0.0
1963,13:02:51,63.8,0.0
1964,13:02:54,63.96,0.16
1965,13:03:03,63.92,-0.04
1966,13:03:12,63.92,0.0
1967,13:03:23,63.9,-0.02
1968,13:03:42,63.8,-0.1
1969,13:03:45,63.8,0.0
1970,13:03:51,63.8,0.0
1971,13:03:53,63.9,0.1
1972,13:03:57,63.8,-0.1
1973,13:04:02,63.9,0.1
1974,13:04:12,63.89,-0.01
1975,13:04:16,63.89,0.0
1976,13:04:24,63.88,-0.01
1977,13:04:30,63.93,0.05
1978,13:04:33,63.93,0.0
1979,13:04:36,63.93,0.0
1980,13:04:39,63.93,0.0
1981,13:04:42,63.93,0.0
1982,13:04:45,63.93,0.0
1983,13:04:48,63.88,-0.05
1984,13:04:54,63.92,0.04
1985,13:04:57,63.8,-0.12
1986,13:05:03,63.92,0.12
1987,13:05:13,63.92,0.0
1988,13:05:15,63.88,-0.04
1989,13:05:17,63.92,0.04
1990,13:05:24,63.92,0.0
1991,13:05:27,63.9,-0.02
1992,13:05:32,63.92,0.02
1993,13:05:36,63.91,-0.01
1994,13:05:39,63.96,0.05
1995,13:05:42,63.96,0.0
1996,13:05:47,63.96,0.0
1997,13:05:54,63.98,0.02
1998,13:05:57,64.0,0.02
1999,13:05:59,63.98,-0.02
2000,13:06:03,64.05,0.07
2001,13:06:11,64.1,0.05
2002,13:06:15,64.1,0.0
2003,13:06:24,64.15,0.05
2004,13:06:31,64.1,-0.05
2005,13:06:33,64.1,0.0
2006,13:06:36,64.1,0.0
2007,13:06:39,64.11,0.01
2008,13:06:41,64.18,0.07
2009,13:06:45,64.2,0.02
2010,13:06:47,64.26,0.06
2011,13:06:51,64.21,-0.05
2012,13:06:54,64.1,-0.11
2013,13:07:00,64.1,0.0
2014,13:07:03,64.2,0.1
2015,13:07:11,64.26,0.06
2016,13:07:15,64.2,-0.06
2017,13:07:20,64.26,0.06
2018,13:07:24,64.25,-0.01
2019,13:07:30,64.26,0.01
2020,13:07:33,64.29,0.03
2021,13:07:36,64.22,-0.07
2022,13:07:38,64.24,0.02
2023,13:07:42,64.24,0.0
2024,13:07:45,64.24,0.0
2025,13:07:49,64.25,0.01
2026,13:07:51,64.25,0.0
2027,13:07:54,64.25,0.0
2028,13:08:01,64.25,0.0
2029,13:08:04,64.3,0.05
2030,13:08:05,64.35,0.05
2031,13:08:12,64.45,0.1
2032,13:08:15,64.3,-0.15
2033,13:08:19,64.51,0.21
2034,13:08:21,64.35,-0.16
2035,13:08:24,64.46,0.11
2036,13:08:26,64.46,0.0
2037,13:08:29,64.47,0.01
2038,13:08:33,64.46,-0.01
2039,13:08:36,64.5,0.04
2040,13:08:38,64.6,0.1
2041,13:08:41,64.65,0.05
2042,13:08:45,64.58,-0.07
2043,13:08:49,64.65,0.07
2044,13:08:50,64.65,0.0
2045,13:08:54,64.58,-0.07
2046,13:08:56,64.64,0.06
2047,13:08:59,64.66,0.02
2048,13:09:06,64.66,0.0
2049,13:09:09,64.7,0.04
2050,13:09:13,64.7,0.0
2051,13:09:15,64.7,0.0
2052,13:09:20,64.69,-0.01
2053,13:09:24,64.7,0.01
2054,13:09:26,64.7,0.0
2055,13:09:30,64.7,0.0
2056,13:09:33,64.77,0.07
2057,13:09:41,64.78,0.01
2058,13:09:45,64.79,0.01
2059,13:09:47,64.77,-0.02
2060,13:09:51,64.78,0.01
2061,13:09:55,64.79,0.01
2062,13:09:57,64.82,0.03
2063,13:10:00,64.85,0.03
2064,13:10:06,64.89,0.04
2065,13:10:09,64.88,-0.01
2066,13:10:12,64.9,0.02
2067,13:10:15,64.9,0.0
2068,13:10:17,64.88,-0.02
2069,13:10:21,64.9,0.02
2070,13:10:24,64.88,-0.02
2071,13:10:27,64.88,0.0
2072,13:10:30,64.95,0.07
2073,13:10:34,64.94,-0.01
2074,13:10:36,64.93,-0.01
2075,13:10:39,64.98,0.05
2076,13:10:42,64.93,-0.05
2077,13:10:45,64.94,0.01
2078,13:10:49,64.95,0.01
2079,13:10:51,64.94,-0.01
2080,13:10:54,64.96,0.02
2081,13:10:56,64.95,-0.01
2082,13:10:59,64.98,0.03
2083,13:11:02,64.95,-0.03
2084,13:11:05,64.98,0.03
2085,13:11:09,64.98,0.0
2086,13:11:12,64.99,0.01
2087,13:11:15,64.99,0.0
2088,13:11:19,65.0,0.01
2089,13:11:20,64.9,-0.1
2090,13:11:24,64.93,0.03
2091,13:11:27,64.93,0.0
2092,13:11:30,64.85,-0.08
2093,13:11:32,64.95,0.1
2094,13:11:36,64.95,0.0
2095,13:11:39,64.93,-0.02
2096,13:11:46,64.79,-0.14
2097,13:11:49,64.72,-0.07
2098,13:11:51,64.93,0.21
2099,13:11:54,64.93,0.0
2100,13:11:57,64.92,-0.01
2101,13:12:02,64.94,0.02
2102,13:12:05,64.98,0.04
2103,13:12:09,64.98,0.0
2104,13:12:11,64.98,0.0
2105,13:12:14,64.99,0.01
2106,13:12:19,65.0,0.01
2107,13:12:20,65.0,0.0
2108,13:12:24,65.1,0.1
2109,13:12:26,65.1,0.0
2110,13:12:30,65.08,-0.02
2111,13:12:34,65.1,0.02
2112,13:12:39,65.11,0.01
2113,13:12:42,65.12,0.01
2114,13:12:44,65.12,0.0
2115,13:12:48,65.12,0.0
2116,13:12:52,65.11,-0.01
2117,13:12:55,65.1,-0.01
2118,13:12:58,65.18,0.08
2119,13:13:01,65.15,-0.03
2120,13:13:03,65.18,0.03
2121,13:13:07,65.19,0.01
2122,13:13:10,65.18,-0.01
2123,13:13:13,65.18,0.0
2124,13:13:16,65.2,0.02
2125,13:13:19,65.26,0.06
2126,13:13:22,65.25,-0.01
2127,13:13:25,65.28,0.03
2128,13:13:29,65.29,0.01
2129,13:13:33,65.29,0.0
2130,13:13:37,65.28,-0.01
2131,13:13:40,65.28,0.0
2132,13:13:43,65.28,0.0
2133,13:13:44,65.31,0.03
2134,13:13:49,65.3,-0.01
2135,13:13:52,65.33,0.03
2136,13:13:58,65.37,0.04
2137,13:13:59,65.43,0.06
2138,13:14:04,65.48,0.05
2139,13:14:10,65.49,0.01
2140,13:14:13,65.5,0.01
2141,13:14:16,65.49,-0.01
2142,13:14:19,65.49,0.0
2143,13:14:22,65.48,-0.01
2144,13:14:24,65.49,0.01
2145,13:14:28,65.48,-0.01
2146,13:14:31,65.49,0.01
2147,13:14:33,65.48,-0.01
2148,13:14:35,65.48,0.0
2149,13:14:40,65.45,-0.03
2150,13:14:43,65.43,-0.02
2151,13:14:46,65.37,-0.06
2152,13:14:48,65.33,-0.04
2153,13:14:51,65.33,0.0
2154,13:14:54,65.26,-0.07
2155,13:14:58,65.26,0.0
2156,13:15:03,65.0,-0.26
2157,13:15:07,65.28,0.28
2158,13:15:09,65.3,0.02
2159,13:15:12,65.3,0.0
2160,13:15:14,65.3,0.0
2161,13:15:19,65.3,0.0
2162,13:15:22,65.31,0.01
2163,13:15:25,65.31,0.0
2164,13:15:27,65.3,-0.01
2165,13:15:31,65.35,0.05
2166,13:15:40,65.35,0.0
2167,13:15:42,65.38,0.03
2168,13:15:46,65.38,0.0
2169,13:15:49,65.38,0.0
2170,13:15:52,65.48,0.1
2171,13:15:55,65.48,0.0
2172,13:15:58,65.5,0.02
2173,13:16:01,65.48,-0.02
2174,13:16:03,65.48,0.0
2175,13:16:07,65.48,0.0
2176,13:16:12,65.48,0.0
2177,13:16:16,65.39,-0.09
2178,13:16:19,65.4,0.01
2179,13:16:22,65.38,-0.02
2180,13:16:24,65.39,0.01
2181,13:16:28,65.32,-0.07
2182,13:16:31,65.29,-0.03
2183,13:16:34,65.3,0.01
2184,13:16:40,65.26,-0.04
2185,13:16:43,65.2,-0.06
2186,13:16:45,65.2,0.0
2187,13:16:49,65.2,0.0
2188,13:16:52,65.26,0.06
2189,13:16:55,65.26,0.0
2190,13:16:57,65.26,0.0
2191,13:17:01,65.26,0.0
2192,13:17:03,65.26,0.0
2193,13:17:12,65.2,-0.06
2194,13:17:16,65.2,0.0
2195,13:17:18,65.2,0.0
2196,13:17:21,65.2,0.0
2197,13:17:25,65.2,0.0
2198,13:17:31,65.2,0.0
2199,13:17:36,65.2,0.0
2200,13:17:39,65.2,0.0
2201,13:17:46,65.01,-0.19
2202,13:17:48,65.0,-0.01
2203,13:17:51,65.0,0.0
2204,13:17:55,64.76,-0.24
2205,13:18:01,64.82,0.06
2206,13:18:04,65.0,0.18
2207,13:18:06,64.81,-0.19
2208,13:18:09,64.83,0.02
2209,13:18:13,64.83,0.0
2210,13:18:15,65.0,0.17
2211,13:18:25,64.99,-0.01
2212,13:18:28,65.0,0.01
2213,13:18:31,65.0,0.0
2214,13:18:34,64.99,-0.01
2215,13:18:37,65.0,0.01
2216,13:18:40,64.96,-0.04
2217,13:18:43,64.99,0.03
2218,13:18:46,65.0,0.01
2219,13:18:51,64.83,-0.17
2220,13:18:54,64.9,0.07
2221,13:18:58,64.99,0.09
2222,13:18:59,64.99,0.0
2223,13:19:04,64.83,-0.16
2224,13:19:06,64.83,0.0
2225,13:19:10,64.83,0.0
2226,13:19:12,64.98,0.15
2227,13:19:19,64.93,-0.05
2228,13:19:22,64.68,-0.25
2229,13:19:24,64.98,0.3
2230,13:19:28,64.68,-0.3
2231,13:19:31,64.68,0.0
2232,13:19:33,64.97,0.29
2233,13:19:36,64.67,-0.3
2234,13:19:39,64.67,0.0
2235,13:19:43,64.8,0.13
2236,13:19:49,64.68,-0.12
2237,13:19:52,64.68,0.0
2238,13:19:54,64.68,0.0
2239,13:19:59,64.67,-0.01
2240,13:20:06,64.65,-0.02
2241,13:20:13,64.65,0.0
2242,13:20:16,64.63,-0.02
2243,13:20:19,64.61,-0.02
2244,13:20:22,64.52,-0.09
2245,13:20:25,64.61,0.09
2246,13:20:25,64.5,-0.11
2247,13:20:29,64.5,0.0
2248,13:20:34,64.6,0.1
2249,13:20:36,64.49,-0.11
2250,13:20:39,64.47,-0.02
2251,13:20:46,64.49,0.02
2252,13:20:48,64.49,0.0
2253,13:20:52,64.33,-0.16
2254,13:20:55,64.5,0.17
2255,13:21:00,64.33,-0.17
2256,13:21:04,64.49,0.16
2257,13:21:16,64.34,-0.15
2258,13:21:19,64.49,0.15
2259,13:21:22,64.34,-0.15
2260,13:21:25,64.33,-0.01
2261,13:21:27,64.33,0.0
2262,13:21:29,64.34,0.01
2263,13:21:34,64.33,-0.01
2264,13:21:37,64.38,0.05
2265,13:21:43,64.31,-0.07
2266,13:21:45,64.3,-0.01
2267,13:21:55,64.38,0.08
2268,13:22:01,64.38,0.0
2269,13:22:17,64.38,0.0
2270,13:22:22,64.31,-0.07
2271,13:22:24,64.33,0.02
2272,13:22:28,64.33,0.0
2273,13:22:34,64.33,0.0
2274,13:22:36,64.33,0.0
2275,13:22:40,64.31,-0.02
2276,13:22:43,64.31,0.0
2277,13:22:46,64.31,0.0
2278,13:22:49,64.3,-0.01
2279,13:22:52,64.31,0.01
2280,13:22:54,64.3,-0.01
2281,13:22:58,64.26,-0.04
2282,13:23:00,64.24,-0.02
2283,13:23:03,64.31,0.07
2284,13:23:07,64.2,-0.11
2285,13:23:10,64.21,0.01
2286,13:23:12,64.21,0.0
2287,13:23:16,64.2,-0.01
2288,13:23:18,64.0,-0.2
2289,13:23:22,64.0,0.0
2290,13:23:25,64.0,0.0
2291,13:23:28,63.99,-0.01
2292,13:23:30,63.88,-0.11
2293,13:23:34,63.99,0.11
2294,13:23:37,64.0,0.01
2295,13:23:40,64.21,0.21
2296,13:23:43,64.01,-0.2
2297,13:23:46,64.21,0.2
2298,13:23:49,64.0,-0.21
2299,13:23:52,64.0,0.0
2300,13:23:55,64.3,0.3
2301,13:23:58,64.02,-0.28
2302,13:24:01,64.0,-0.02
2303,13:24:04,64.29,0.29
2304,13:24:07,64.29,0.0
2305,13:24:09,64.01,-0.28
2306,13:24:12,64.01,0.0
2307,13:24:16,64.29,0.28
2308,13:24:18,64.02,-0.27
2309,13:24:21,64.04,0.02
2310,13:24:25,64.2,0.16
2311,13:24:31,64.12,-0.08
2312,13:24:33,64.28,0.16
2313,13:24:36,64.13,-0.15
2314,13:24:39,64.2,0.07
2315,13:24:43,64.2,0.0
2316,13:24:46,64.28,0.08
2317,13:24:49,64.28,0.0
2318,13:24:55,64.29,0.01
2319,13:24:58,64.29,0.0
2320,13:25:01,64.29,0.0
2321,13:25:03,64.29,0.0
2322,13:25:06,64.28,-0.01
2323,13:25:10,64.29,0.01
2324,13:25:13,64.3,0.01
2325,13:25:15,64.29,-0.01
2326,13:25:18,64.29,0.0
2327,13:25:21,64.29,0.0
2328,13:25:25,64.3,0.01
2329,13:25:27,64.3,0.0
2330,13:25:31,64.31,0.01
2331,13:25:34,64.38,0.07
2332,13:25:37,64.35,-0.03
2333,13:25:46,64.35,0.0
2334,13:25:48,64.35,0.0
2335,13:25:55,64.35,0.0
2336,13:25:57,64.35,0.0
2337,13:26:01,64.35,0.0
2338,13:26:04,64.35,0.0
2339,13:26:07,64.38,0.03
2340,13:26:10,64.38,0.0
2341,13:26:13,64.5,0.12
2342,13:26:18,64.39,-0.11
2343,13:26:24,64.59,0.2
2344,13:26:27,64.59,0.0
2345,13:26:30,64.59,0.0
2346,13:26:33,64.56,-0.03
2347,13:26:37,64.56,0.0
2348,13:26:40,64.59,0.03
2349,13:26:43,64.35,-0.24
2350,13:26:49,64.35,0.0
2351,13:26:55,64.5,0.15
2352,13:27:03,64.5,0.0
2353,13:27:07,64.5,0.0
2354,13:27:16,64.48,-0.02
2355,13:27:19,64.48,0.0
2356,13:27:21,64.45,-0.03
2357,13:27:24,64.45,0.0
2358,13:27:28,64.36,-0.09
2359,13:27:37,64.36,0.0
2360,13:27:40,64.41,0.05
2361,13:27:43,64.48,0.07
2362,13:27:46,64.34,-0.14
2363,13:27:55,64.44,0.1
2364,13:28:04,64.34,-0.1
2365,13:28:06,64.3,-0.04
2366,13:28:10,64.3,0.0
2367,13:28:16,64.3,0.0
2368,13:28:18,64.29,-0.01
2369,13:28:25,64.3,0.01
2370,13:28:28,64.21,-0.09
2371,13:28:33,64.3,0.09
2372,13:28:37,64.4,0.1
2373,13:28:39,64.45,0.05
2374,13:28:49,64.48,0.03
2375,13:28:52,64.5,0.02
2376,13:28:55,64.48,-0.02
2377,13:28:57,64.48,0.0
2378,13:29:03,64.48,0.0
2379,13:29:07,64.48,0.0
2380,13:29:09,64.48,0.0
2381,13:29:12,64.4,-0.08
2382,13:29:15,64.4,0.0
2383,13:29:19,64.5,0.1
2384,13:29:21,64.31,-0.19
2385,13:29:25,64.31,0.0
2386,13:29:30,64.48,0.17
2387,13:29:33,64.31,-0.17
2388,13:29:37,64.5,0.19
2389,13:29:40,64.5,0.0
2390,13:29:46,64.5,0.0
2391,13:29:54,64.5,0.0
2392,13:30:07,64.32,-0.18
2393,13:30:10,64.31,-0.01
2394,13:30:25,64.48,0.17
2395,13:30:28,64.31,-0.17
2396,13:30:30,64.31,0.0
2397,13:30:34,64.31,0.0
2398,13:30:40,64.3,-0.01
2399,13:30:46,64.48,0.18
2400,13:30:52,64.32,-0.16
2401,13:30:54,64.48,0.16
2402,13:30:57,64.48,0.0
2403,13:31:01,64.32,-0.16
2404,13:31:06,64.32,0.0
2405,13:31:12,64.32,0.0
2406,13:31:16,64.48,0.16
2407,13:31:21,64.48,0.0
2408,13:31:25,64.48,0.0
2409,13:31:27,64.49,0.01
2410,13:31:31,64.48,-0.01
2411,13:31:33,64.48,0.0
2412,13:31:37,64.48,0.0
2413,13:31:40,64.48,0.0
2414,13:31:46,64.48,0.0
2415,13:31:52,64.49,0.01
2416,13:31:58,64.49,0.0
2417,13:32:07,64.49,0.0
2418,13:32:16,64.48,-0.01
2419,13:32:18,64.48,0.0
2420,13:32:22,64.48,0.0
2421,13:32:25,64.49,0.01
2422,13:32:27,64.49,0.0
2423,13:32:36,64.49,0.0
2424,13:32:39,64.48,-0.01
2425,13:32:42,64.48,0.0
2426,13:32:45,64.48,0.0
2427,13:32:52,64.48,0.0
2428,13:32:55,64.49,0.01
2429,13:33:07,64.49,0.0
2430,13:33:19,64.49,0.0
2431,13:33:22,64.49,0.0
2432,13:33:24,64.49,0.0
2433,13:33:27,64.49,0.0
2434,13:33:30,64.49,0.0
2435,13:33:34,64.49,0.0
2436,13:33:36,64.49,0.0
2437,13:33:40,64.49,0.0
2438,13:33:43,64.5,0.01
2439,13:33:46,64.5,0.0
2440,13:33:52,64.54,0.04
2441,13:33:54,64.54,0.0
2442,13:33:57,64.64,0.1
2443,13:34:01,64.6,-0.04
2444,13:34:04,64.54,-0.06
2445,13:34:07,64.65,0.11
2446,13:34:16,64.65,0.0
2447,13:34:22,64.65,0.0
2448,13:34:25,64.65,0.0
2449,13:34:30,64.64,-0.01
2450,13:34:37,64.65,0.01
2451,13:34:39,64.78,0.13
2452,13:34:42,64.78,0.0
2453,13:34:54,64.96,0.18
2454,13:34:58,64.96,0.0
2455,13:35:07,64.95,-0.01
2456,13:35:10,64.95,0.0
2457,13:35:12,64.95,0.0
2458,13:35:15,65.0,0.05
2459,13:35:24,64.99,-0.01
2460,13:35:28,65.0,0.01
2461,13:35:31,64.99,-0.01
2462,13:35:37,64.8,-0.19
2463,13:35:39,64.8,0.0
2464,13:35:43,64.8,0.0
2465,13:35:46,64.8,0.0
2466,13:35:49,64.8,0.0
2467,13:35:58,64.8,0.0
2468,13:36:00,64.8,0.0
2469,13:36:03,64.84,0.04
2470,13:36:07,64.95,0.11
2471,13:36:10,64.89,-0.06
2472,13:36:18,64.95,0.06
2473,13:36:24,64.89,-0.06
2474,13:36:25,64.95,0.06
2475,13:36:30,64.95,0.0
2476,13:36:34,64.91,-0.04
2477,13:36:37,64.98,0.07
2478,13:36:39,64.95,-0.03
2479,13:36:48,64.95,0.0
2480,13:36:51,64.96,0.01
2481,13:36:54,64.95,-0.01
2482,13:37:01,64.96,0.01
2483,13:37:04,64.95,-0.01
2484,13:37:07,64.95,0.0
2485,13:37:10,64.96,0.01
2486,13:37:16,64.96,0.0
2487,13:37:18,65.0,0.04
2488,13:37:31,64.99,-0.01
2489,13:37:36,65.0,0.01
2490,13:37:39,65.0,0.0
2491,13:37:43,64.99,-0.01
2492,13:37:49,64.99,0.0
2493,13:37:51,65.0,0.01
2494,13:37:54,64.99,-0.01
2495,13:37:58,64.99,0.0
2496,13:38:00,64.99,0.0
2497,13:38:04,64.92,-0.07
2498,13:38:07,64.96,0.04
2499,13:38:09,65.0,0.04
2500,13:38:16,64.99,-0.01
2501,13:38:18,64.99,0.0
2502,13:38:31,64.99,0.0
2503,13:38:36,64.95,-0.04
2504,13:38:40,64.95,0.0
2505,13:38:42,64.95,0.0
2506,13:38:49,64.95,0.0
2507,13:38:52,64.95,0.0
2508,13:38:55,64.93,-0.02
2509,13:38:58,64.9,-0.03
2510,13:39:01,64.9,0.0
2511,13:39:07,64.89,-0.01
2512,13:39:09,64.95,0.06
2513,13:39:13,64.89,-0.06
2514,13:39:16,64.89,0.0
2515,13:39:19,64.98,0.09
2516,13:39:22,65.0,0.02
2517,13:39:24,65.0,0.0
2518,13:39:28,64.98,-0.02
2519,13:39:31,64.98,0.0
2520,13:39:33,65.01,0.03
2521,13:39:37,65.02,0.01
2522,13:39:40,65.05,0.03
2523,13:39:43,65.1,0.05
2524,13:39:46,65.2,0.1
2525,13:39:49,65.3,0.1
2526,13:39:51,65.4,0.1
2527,13:39:55,65.4,0.0
2528,13:39:58,65.4,0.0
2529,13:40:01,65.4,0.0
2530,13:40:04,65.4,0.0
2531,13:40:06,65.35,-0.05
2532,13:40:10,65.44,0.09
2533,13:40:13,65.44,0.0
2534,13:40:15,65.44,0.0
2535,13:40:18,65.42,-0.02
2536,13:40:31,65.44,0.02
2537,13:40:34,65.44,0.0
2538,13:40:37,65.36,-0.08
2539,13:40:39,65.35,-0.01
2540,13:40:43,65.35,0.0
2541,13:40:46,65.38,0.03
2542,13:40:48,65.35,-0.03
2543,13:40:51,65.07,-0.28
2544,13:40:54,65.07,0.0
2545,13:41:01,65.1,0.03
2546,13:41:03,65.1,0.0
2547,13:41:07,65.35,0.25
2548,13:41:10,65.11,-0.24
2549,13:41:16,65.3,0.19
2550,13:41:19,65.29,-0.01
2551,13:41:22,65.3,0.01
2552,13:41:25,65.1,-0.2
2553,13:41:28,65.1,0.0
2554,13:41:30,65.25,0.15
2555,13:41:37,65.1,-0.15
2556,13:41:39,65.1,0.0
2557,13:41:42,65.0,-0.1
2558,13:41:49,65.1,0.1
2559,13:41:51,65.0,-0.1
2560,13:41:55,65.0,0.0
2561,13:41:57,65.0,0.0
2562,13:42:01,65.0,0.0
2563,13:42:04,65.05,0.05
2564,13:42:07,65.15,0.1
2565,13:42:09,65.3,0.15
2566,13:42:19,65.3,0.0
2567,13:42:22,65.36,0.06
2568,13:42:25,65.3,-0.06
2569,13:42:28,65.05,-0.25
2570,13:42:31,65.31,0.26
2571,13:42:33,65.31,0.0
2572,13:42:36,65.3,-0.01
2573,13:42:40,65.3,0.0
2574,13:42:43,65.3,0.0
2575,13:42:51,65.3,0.0
2576,13:42:54,65.4,0.1
2577,13:42:58,65.4,0.0
2578,13:43:01,65.55,0.15
2579,13:43:03,65.4,-0.15
2580,13:43:06,65.41,0.01
2581,13:43:09,65.45,0.04
2582,13:43:16,65.58,0.13
2583,13:43:22,65.65,0.07
2584,13:43:25,65.65,0.0
2585,13:43:27,65.65,0.0
2586,13:43:34,65.59,-0.06
2587,13:43:37,65.65,0.06
2588,13:43:45,65.65,0.0
2589,13:43:48,65.65,0.0
2590,13:43:52,65.65,0.0
2591,13:43:54,65.65,0.0
2592,13:43:58,65.65,0.0
2593,13:44:00,65.66,0.01
2594,13:44:03,65.65,-0.01
2595,13:44:07,65.65,0.0
2596,13:44:10,65.65,0.0
2597,13:44:13,65.59,-0.06
2598,13:44:16,65.58,-0.01
2599,13:44:22,65.58,0.0
2600,13:44:28,65.57,-0.01
2601,13:44:31,65.55,-0.02
2602,13:44:33,65.47,-0.08
2603,13:44:36,65.55,0.08
2604,13:44:40,65.55,0.0
2605,13:44:43,65.47,-0.08
2606,13:44:46,65.47,0.0
2607,13:44:49,65.47,0.0
2608,13:44:52,65.55,0.08
2609,13:44:55,65.55,0.0
2610,13:45:01,65.5,-0.05
2611,13:45:04,65.38,-0.12
2612,13:45:10,65.49,0.11
2613,13:45:13,65.49,0.0
2614,13:45:15,65.49,0.0
2615,13:45:21,65.19,-0.3
2616,13:45:25,65.38,0.19
2617,13:45:28,65.49,0.11
2618,13:45:31,65.38,-0.11
2619,13:45:34,65.21,-0.17
2620,13:45:39,65.49,0.28
2621,13:45:43,65.22,-0.27
2622,13:45:49,65.49,0.27
2623,13:45:51,65.49,0.0
2624,13:45:55,65.27,-0.22
2625,13:45:57,65.47,0.2
2626,13:46:00,65.47,0.0
2627,13:46:04,65.49,0.02
2628,13:46:09,65.47,-0.02
2629,13:46:16,65.47,0.0
2630,13:46:19,65.3,-0.17
2631,13:46:22,65.49,0.19
2632,13:46:30,65.49,0.0
2633,13:46:33,65.49,0.0
2634,13:46:37,65.28,-0.21
2635,13:46:39,65.48,0.2
2636,13:46:42,65.28,-0.2
2637,13:46:45,65.26,-0.02
2638,13:46:52,65.49,0.23
2639,13:46:54,65.27,-0.22
2640,13:47:00,65.48,0.21
2641,13:47:04,65.27,-0.21
2642,13:47:07,65.27,0.0
2643,13:47:09,65.47,0.2
2644,13:47:12,65.47,0.0
2645,13:47:18,65.47,0.0
2646,13:47:22,65.48,0.01
2647,13:47:25,65.47,-0.01
2648,13:47:27,65.47,0.0
2649,13:47:31,65.48,0.01
2650,13:47:34,65.48,0.0
2651,13:47:36,65.48,0.0
2652,13:47:39,65.48,0.0
2653,13:47:47,65.48,0.0
2654,13:47:49,65.55,0.07
2655,13:47:52,65.6,0.05
2656,13:47:55,65.66,0.06
2657,13:47:58,65.6,-0.06
2658,13:48:04,65.67,0.07
2659,13:48:10,65.65,-0.02
2660,13:48:16,65.67,0.02
2661,13:48:19,65.67,0.0
2662,13:48:21,65.68,0.01
2663,13:48:25,65.68,0.0
2664,13:48:27,65.6,-0.08
2665,13:48:30,65.65,0.05
2666,13:48:34,65.65,0.0
2667,13:48:36,65.65,0.0
2668,13:48:40,65.67,0.02
2669,13:48:42,65.68,0.01
2670,13:48:45,65.67,-0.01
2671,13:48:51,65.67,0.0
2672,13:48:58,65.67,0.0
2673,13:49:00,65.67,0.0
2674,13:49:04,65.67,0.0
2675,13:49:07,65.67,0.0
2676,13:49:09,65.67,0.0
2677,13:49:15,65.65,-0.02
2678,13:49:18,65.65,0.0
2679,13:49:21,65.64,-0.01
2680,13:49:25,65.63,-0.01
2681,13:49:31,65.63,0.0
2682,13:49:34,65.51,-0.12
2683,13:49:40,65.6,0.09
2684,13:49:42,65.6,0.0
2685,13:49:46,65.51,-0.09
2686,13:49:52,65.59,0.08
2687,13:49:54,65.51,-0.08
2688,13:50:01,65.58,0.07
2689,13:50:03,65.51,-0.07
2690,13:50:16,65.46,-0.05
2691,13:50:19,65.46,0.0
2692,13:50:21,65.46,0.0
2693,13:50:24,65.46,0.0
2694,13:50:27,65.5,0.04
2695,13:50:30,65.51,0.01
2696,13:50:43,65.51,0.0
2697,13:50:45,65.5,-0.01
2698,13:50:48,65.5,0.0
2699,13:50:54,65.49,-0.01
2700,13:51:01,65.49,0.0
2701,13:51:03,65.42,-0.07
2702,13:51:06,65.49,0.07
2703,13:51:10,65.49,0.0
2704,13:51:22,65.49,0.0
2705,13:51:25,65.4,-0.09
2706,13:51:31,65.49,0.09
2707,13:51:37,65.41,-0.08
2708,13:51:40,65.41,0.0
2709,13:51:42,65.41,0.0
2710,13:51:45,65.36,-0.05
2711,13:51:57,65.36,0.0
2712,13:52:01,65.36,0.0
2713,13:52:07,65.41,0.05
2714,13:52:11,65.48,0.07
2715,13:52:13,65.49,0.01
2716,13:52:16,65.48,-0.01
2717,13:52:19,65.5,0.02
2718,13:52:21,65.48,-0.02
2719,13:52:25,65.48,0.0
2720,13:52:28,65.48,0.0
2721,13:52:31,65.5,0.02
2722,13:52:33,65.55,0.05
2723,13:52:37,65.6,0.05
2724,13:52:39,65.62,0.02
2725,13:52:43,65.67,0.05
2726,13:52:45,65.7,0.03
2727,13:52:49,65.75,0.05
2728,13:52:52,65.76,0.01
2729,13:52:54,65.79,0.03
2730,13:53:01,65.79,0.0
2731,13:53:03,65.84,0.05
2732,13:53:06,65.88,0.04
2733,13:53:09,65.75,-0.13
2734,13:53:18,65.79,0.04
2735,13:53:22,65.84,0.05
2736,13:53:25,65.79,-0.05
2737,13:53:28,65.7,-0.09
2738,13:53:30,65.69,-0.01
2739,13:53:34,65.7,0.01
2740,13:53:37,65.69,-0.01
2741,13:53:43,65.68,-0.01
2742,13:53:49,65.67,-0.01
2743,13:53:57,65.68,0.01
2744,13:54:04,65.5,-0.18
2745,13:54:07,65.65,0.15
2746,13:54:12,65.64,-0.01
2747,13:54:15,65.6,-0.04
2748,13:54:19,65.52,-0.08
2749,13:54:33,65.26,-0.26
2750,13:54:40,65.27,0.01
2751,13:54:45,65.27,0.0
2752,13:54:52,65.27,0.0
2753,13:54:55,65.26,-0.01
2754,13:55:01,65.26,0.0
2755,13:55:04,65.25,-0.01
2756,13:55:06,65.24,-0.01
2757,13:55:16,65.24,0.0
2758,13:55:18,65.24,0.0
2759,13:55:22,65.24,0.0
2760,13:55:28,65.25,0.01
2761,13:55:31,65.24,-0.01
2762,13:55:34,65.25,0.01
2763,13:55:37,65.24,-0.01
2764,13:55:43,65.24,0.0
2765,13:55:48,65.19,-0.05
2766,13:55:52,65.24,0.05
2767,13:55:54,65.24,0.0
2768,13:55:58,65.24,0.0
2769,13:56:01,65.24,0.0
2770,13:56:04,65.24,0.0
2771,13:56:06,65.24,0.0
2772,13:56:13,65.24,0.0
2773,13:56:19,65.19,-0.05
2774,13:56:30,65.19,0.0
2775,13:56:34,65.19,0.0
2776,13:56:37,65.17,-0.02
2777,13:56:39,65.19,0.02
2778,13:56:45,65.0,-0.19
2779,13:56:49,65.22,0.22
2780,13:56:51,65.23,0.01
2781,13:56:54,65.25,0.02
2782,13:56:57,65.51,0.26
2783,13:57:01,65.57,0.06
2784,13:57:04,65.58,0.01
2785,13:57:06,65.63,0.05
2786,13:57:09,65.63,0.0
2787,13:57:13,65.63,0.0
2788,13:57:16,65.63,0.0
2789,13:57:25,65.6,-0.03
2790,13:57:30,65.57,-0.03
2791,13:57:33,65.58,0.01
2792,13:57:37,65.58,0.0
2793,13:57:40,65.58,0.0
2794,13:57:46,65.51,-0.07
2795,13:57:49,65.46,-0.05
2796,13:57:51,65.46,0.0
2797,13:57:55,65.46,0.0
2798,13:58:00,65.38,-0.08
2799,13:58:06,65.35,-0.03
2800,13:58:13,65.24,-0.11
2801,13:58:15,65.23,-0.01
2802,13:58:18,65.23,0.0
2803,13:58:21,65.23,0.0
2804,13:58:25,65.23,0.0
2805,13:58:28,65.23,0.0
2806,13:58:33,65.14,-0.09
2807,13:58:36,65.01,-0.13
2808,13:58:43,65.13,0.12
2809,13:58:46,65.0,-0.13
2810,13:58:49,64.99,-0.01
2811,13:58:51,65.01,0.02
2812,13:58:55,64.88,-0.13
2813,13:58:58,64.85,-0.03
2814,13:59:00,65.0,0.15
2815,13:59:04,65.13,0.13
2816,13:59:09,65.1,-0.03
2817,13:59:13,64.89,-0.21
2818,13:59:16,64.88,-0.01
2819,13:59:19,65.0,0.12
2820,13:59:25,64.91,-0.09
2821,13:59:31,64.91,0.0
2822,13:59:34,64.99,0.08
2823,13:59:37,64.99,0.0
2824,13:59:40,64.99,0.0
2825,13:59:43,64.99,0.0
2826,13:59:46,64.98,-0.01
2827,13:59:48,64.98,0.0
2828,13:59:51,64.91,-0.07
2829,13:59:57,64.92,0.01
2830,14:00:04,64.92,0.0
2831,14:00:06,64.99,0.07
2832,14:00:10,64.92,-0.07
2833,14:00:13,64.98,0.06
2834,14:00:16,64.99,0.01
2835,14:00:19,65.0,0.01
2836,14:00:22,64.99,-0.01
2837,14:00:27,64.98,-0.01
2838,14:00:30,65.0,0.02
2839,14:00:34,65.0,0.0
2840,14:00:37,65.0,0.0
2841,14:00:40,65.0,0.0
2842,14:00:45,65.0,0.0
2843,14:00:52,65.05,0.05
2844,14:01:01,65.0,-0.05
2845,14:01:04,65.0,0.0
2846,14:01:07,65.0,0.0
2847,14:01:10,65.0,0.0
2848,14:01:13,65.0,0.0
2849,14:01:15,64.99,-0.01
2850,14:01:19,64.99,0.0
2851,14:01:22,64.99,0.0
2852,14:01:24,65.02,0.03
2853,14:01:28,64.99,-0.03
2854,14:01:31,64.98,-0.01
2855,14:01:34,64.99,0.01
2856,14:01:36,64.99,0.0
2857,14:01:40,64.99,0.0
2858,14:01:43,64.98,-0.01
2859,14:01:46,65.0,0.02
2860,14:01:48,64.98,-0.02
2861,14:01:52,64.98,0.0
2862,14:01:58,64.98,0.0
2863,14:02:01,64.98,0.0
2864,14:02:03,64.98,0.0
2865,14:02:06,65.0,0.02
2866,14:02:16,64.98,-0.02
2867,14:02:19,64.99,0.01
2868,14:02:22,64.98,-0.01
2869,14:02:24,64.98,0.0
2870,14:02:30,64.98,0.0
2871,14:02:40,64.98,0.0
2872,14:02:45,64.99,0.01
2873,14:02:51,65.0,0.01
2874,14:02:55,65.0,0.0
2875,14:02:58,65.2,0.2
2876,14:03:01,65.24,0.04
2877,14:03:04,65.25,0.01
2878,14:03:09,65.26,0.01
2879,14:03:12,65.51,0.25
2880,14:03:15,65.63,0.12
2881,14:03:19,65.7,0.07
2882,14:03:22,65.7,0.0
2883,14:03:24,65.58,-0.12
2884,14:03:27,65.46,-0.12
2885,14:03:31,65.26,-0.2
2886,14:03:34,65.26,0.0
2887,14:03:36,65.46,0.2
2888,14:03:45,65.36,-0.1
2889,14:03:48,65.27,-0.09
2890,14:03:55,65.35,0.08
2891,14:04:01,65.0,-0.35
2892,14:04:04,65.27,0.27
2893,14:04:09,65.27,0.0
2894,14:04:12,65.2,-0.07
2895,14:04:19,65.0,-0.2
2896,14:04:27,65.01,0.01
2897,14:04:30,65.0,-0.01
2898,14:04:34,65.0,0.0
2899,14:04:42,65.0,0.0
2900,14:04:45,65.0,0.0
2901,14:04:54,64.96,-0.04
2902,14:05:01,65.0,0.04
2903,14:05:04,65.0,0.0
2904,14:05:10,65.0,0.0
2905,14:05:16,64.97,-0.03
2906,14:05:21,64.97,0.0
2907,14:05:25,64.96,-0.01
2908,14:05:28,65.0,0.04
2909,14:05:34,64.96,-0.04
2910,14:05:54,64.95,-0.01
2911,14:06:01,64.95,0.0
2912,14:06:04,64.95,0.0
2913,14:06:07,64.95,0.0
2914,14:06:12,64.96,0.01
2915,14:06:19,64.92,-0.04
2916,14:06:22,64.92,0.0
2917,14:06:24,64.9,-0.02
2918,14:06:27,64.9,0.0
2919,14:06:31,64.89,-0.01
2920,14:06:33,64.89,0.0
2921,14:06:37,64.89,0.0
2922,14:06:40,64.89,0.0
2923,14:06:46,64.89,0.0
2924,14:06:48,64.88,-0.01
2925,14:06:52,64.88,0.0
2926,14:07:07,64.85,-0.03
2927,14:07:13,64.81,-0.04
2928,14:07:27,64.8,-0.01
2929,14:07:30,64.77,-0.03
2930,14:07:37,64.71,-0.06
2931,14:07:43,64.81,0.1
2932,14:07:46,64.71,-0.1
2933,14:07:52,64.7,-0.01
2934,14:07:55,64.71,0.01
2935,14:08:06,64.71,0.0
2936,14:08:10,64.67,-0.04
2937,14:08:13,64.67,0.0
2938,14:08:18,64.71,0.04
2939,14:08:27,64.7,-0.01
2940,14:08:31,64.7,0.0
2941,14:08:34,64.67,-0.03
2942,14:08:43,64.67,0.0
2943,14:08:45,64.23,-0.44
2944,14:08:49,64.65,0.42
2945,14:08:51,64.7,0.05
2946,14:08:58,64.67,-0.03
2947,14:09:01,64.63,-0.04
2948,14:09:04,64.63,0.0
2949,14:09:07,64.6,-0.03
2950,14:09:09,64.6,0.0
2951,14:09:13,64.57,-0.03
2952,14:09:18,64.56,-0.01
2953,14:09:22,64.46,-0.1
2954,14:09:25,64.25,-0.21
2955,14:09:28,64.26,0.01
2956,14:09:30,64.25,-0.01
2957,14:09:34,64.27,0.02
2958,14:09:37,64.27,0.0
2959,14:09:43,64.3,0.03
2960,14:09:51,64.31,0.01
2961,14:09:55,64.49,0.18
2962,14:09:57,64.32,-0.17
2963,14:10:01,64.46,0.14
2964,14:10:04,64.32,-0.14
2965,14:10:08,64.6,0.28
2966,14:10:09,64.7,0.1
2967,14:10:12,64.75,0.05
2968,14:10:16,64.75,0.0
2969,14:10:19,64.75,0.0
2970,14:10:21,64.8,0.05
2971,14:10:25,64.75,-0.05
2972,14:10:28,64.75,0.0
2973,14:10:31,64.8,0.05
2974,14:10:34,64.8,0.0
2975,14:10:37,64.8,0.0
2976,14:10:40,64.92,0.12
2977,14:10:43,64.46,-0.46
2978,14:10:46,64.8,0.34
2979,14:10:58,64.46,-0.34
2980,14:11:01,64.46,0.0
2981,14:11:04,64.5,0.04
2982,14:11:07,64.77,0.27
2983,14:11:13,64.5,-0.27
2984,14:11:16,64.48,-0.02
2985,14:11:19,64.8,0.32
2986,14:11:20,64.81,0.01
2987,14:11:30,64.81,0.0
2988,14:11:37,64.95,0.14
2989,14:11:40,64.95,0.0
2990,14:11:43,64.95,0.0
2991,14:11:45,64.95,0.0
2992,14:11:49,64.95,0.0
2993,14:11:52,64.72,-0.23
2994,14:12:00,64.93,0.21
2995,14:12:04,64.93,0.0
2996,14:12:06,64.74,-0.19
2997,14:12:10,64.74,0.0
2998,14:12:12,64.72,-0.02
2999,14:12:16,64.73,0.01
3000,14:12:19,64.73,0.0
3001,14:12:24,64.69,-0.04
3002,14:12:28,64.63,-0.06
3003,14:12:31,64.63,0.0
3004,14:12:34,64.63,0.0
3005,14:12:36,64.63,0.0
3006,14:12:40,64.62,-0.01
3007,14:12:47,64.63,0.01
3008,14:12:49,64.62,-0.01
3009,14:12:58,64.54,-0.08
3010,14:13:03,64.62,0.08
3011,14:13:10,64.54,-0.08
3012,14:13:13,64.53,-0.01
3013,14:13:14,64.62,0.09
3014,14:13:19,64.62,0.0
3015,14:13:25,64.98,0.36
3016,14:13:28,64.6,-0.38
3017,14:13:34,64.6,0.0
3018,14:13:37,64.95,0.35
3019,14:13:40,64.98,0.03
3020,14:13:43,64.63,-0.35
3021,14:13:45,64.93,0.3
3022,14:13:49,64.8,-0.13
3023,14:13:55,64.64,-0.16
3024,14:13:58,64.93,0.29
3025,14:14:00,64.98,0.05
3026,14:14:07,64.68,-0.3
3027,14:14:16,64.95,0.27
3028,14:14:20,64.95,0.0
3029,14:14:21,64.97,0.02
3030,14:14:28,64.68,-0.29
3031,14:14:39,64.64,-0.04
3032,14:14:42,64.69,0.05
3033,14:14:46,64.95,0.26
3034,14:14:48,64.95,0.0
3035,14:14:52,64.65,-0.3
3036,14:14:58,64.95,0.3
3037,14:15:00,64.97,0.02
3038,14:15:03,64.73,-0.24
3039,14:15:09,64.97,0.24
3040,14:15:15,64.73,-0.24
3041,14:15:21,64.95,0.22
3042,14:15:24,64.95,0.0
3043,14:15:28,64.95,0.0
3044,14:15:39,64.95,0.0
3045,14:15:42,64.96,0.01
3046,14:15:46,64.95,-0.01
3047,14:15:49,64.7,-0.25
3048,14:15:52,64.7,0.0
3049,14:15:55,64.94,0.24
3050,14:15:57,64.93,-0.01
3051,14:16:04,64.69,-0.24
3052,14:16:09,64.45,-0.24
3053,14:16:24,64.65,0.2
3054,14:16:27,64.65,0.0
3055,14:16:31,64.65,0.0
3056,14:16:38,64.52,-0.13
3057,14:16:45,64.65,0.13
3058,14:16:49,64.65,0.0
3059,14:16:58,64.46,-0.19
3060,14:17:09,64.55,0.09
3061,14:17:13,64.46,-0.09
3062,14:17:15,64.61,0.15
3063,14:17:19,64.64,0.03
3064,14:17:21,64.64,0.0
3065,14:17:24,64.65,0.01
3066,14:17:28,64.55,-0.1
3067,14:17:33,64.55,0.0
3068,14:17:36,64.37,-0.18
3069,14:17:40,64.37,0.0
3070,14:17:52,64.55,0.18
3071,14:17:55,64.54,-0.01
3072,14:18:03,64.54,0.0
3073,14:18:06,64.54,0.0
3074,14:18:10,64.54,0.0
3075,14:18:13,64.59,0.05
3076,14:18:15,64.6,0.01
3077,14:18:19,64.62,0.02
3078,14:18:34,64.55,-0.07
3079,14:18:37,64.55,0.0
3080,14:18:40,64.62,0.07
3081,14:18:43,64.54,-0.08
3082,14:18:45,64.54,0.0
3083,14:18:52,64.6,0.06
3084,14:18:55,64.6,0.0
3085,14:19:00,64.64,0.04
3086,14:19:03,64.61,-0.03
3087,14:19:07,64.37,-0.24
3088,14:19:10,64.64,0.27
3089,14:19:19,64.64,0.0
3090,14:19:22,64.5,-0.14
3091,14:19:28,64.84,0.34
3092,14:19:30,64.71,-0.13
3093,14:19:34,64.89,0.18
3094,14:19:37,64.95,0.06
3095,14:19:39,64.71,-0.24
3096,14:19:48,64.64,-0.07
3097,14:19:55,64.4,-0.24
3098,14:19:57,64.64,0.24
3099,14:20:02,64.64,0.0
3100,14:20:07,64.64,0.0
3101,14:20:19,64.71,0.07
3102,14:20:22,64.71,0.0
3103,14:20:27,64.48,-0.23
3104,14:20:39,64.48,0.0
3105,14:20:43,64.48,0.0
3106,14:20:58,64.48,0.0
3107,14:21:01,64.45,-0.03
3108,14:21:04,64.45,0.0
3109,14:21:07,64.68,0.23
3110,14:21:12,64.5,-0.18
3111,14:21:16,64.9,0.4
3112,14:21:18,64.68,-0.22
3113,14:21:22,64.67,-0.01
3114,14:21:25,64.67,0.0
3115,14:21:29,64.51,-0.16
3116,14:21:34,64.5,-0.01
3117,14:21:37,64.5,0.0
3118,14:21:39,64.65,0.15
3119,14:21:43,64.5,-0.15
3120,14:21:45,64.67,0.17
3121,14:21:49,64.43,-0.24
3122,14:21:52,64.4,-0.03
3123,14:21:55,64.57,0.17
3124,14:21:58,64.5,-0.07
3125,14:22:04,64.4,-0.1
3126,14:22:06,64.54,0.14
3127,14:22:09,64.67,0.13
3128,14:22:13,64.55,-0.12
3129,14:22:16,64.54,-0.01
3130,14:22:19,64.41,-0.13
3131,14:22:22,64.54,0.13
3132,14:22:25,64.41,-0.13
3133,14:22:29,64.4,-0.01
3134,14:22:30,64.55,0.15
3135,14:22:33,64.39,-0.16
3136,14:22:37,64.4,0.01
3137,14:22:39,64.39,-0.01
3138,14:22:43,64.4,0.01
3139,14:22:46,64.31,-0.09
3140,14:22:51,64.37,0.06
3141,14:22:55,64.4,0.03
3142,14:23:01,64.37,-0.03
3143,14:23:04,64.3,-0.07
3144,14:23:07,64.37,0.07
3145,14:23:10,64.28,-0.09
3146,14:23:13,64.51,0.23
3147,14:23:15,64.3,-0.21
3148,14:23:22,64.3,0.0
3149,14:23:25,64.56,0.26
3150,14:23:43,64.53,-0.03
3151,14:23:46,64.3,-0.23
3152,14:23:49,64.28,-0.02
3153,14:23:51,64.3,0.02
3154,14:23:55,64.55,0.25
3155,14:23:59,64.3,-0.25
3156,14:24:00,64.3,0.0
3157,14:24:04,64.31,0.01
3158,14:24:07,64.3,-0.01
3159,14:24:10,64.3,0.0
3160,14:24:14,64.3,0.0
3161,14:24:16,64.55,0.25
3162,14:24:19,64.55,0.0
3163,14:24:22,64.48,-0.07
3164,14:24:28,64.3,-0.18
3165,14:24:31,64.48,0.18
3166,14:24:34,64.3,-0.18
3167,14:24:36,64.3,0.0
3168,14:24:40,64.3,0.0
3169,14:24:45,64.31,0.01
3170,14:24:49,64.5,0.19
3171,14:24:52,64.31,-0.19
3172,14:24:55,64.5,0.19
3173,14:24:58,64.51,0.01
3174,14:25:01,64.32,-0.19
3175,14:25:03,64.33,0.01
3176,14:25:10,64.33,0.0
3177,14:25:18,64.32,-0.01
3178,14:25:25,64.55,0.23
3179,14:25:28,64.61,0.06
3180,14:25:31,64.67,0.06
3181,14:25:34,64.93,0.26
3182,14:25:37,64.7,-0.23
3183,14:25:39,64.93,0.23
3184,14:25:44,64.7,-0.23
3185,14:25:54,64.92,0.22
3186,14:26:27,64.4,-0.52
3187,14:26:31,64.8,0.4
3188,14:26:42,64.71,-0.09
3189,14:26:49,64.71,0.0
3190,14:26:55,64.71,0.0
3191,14:26:58,64.71,0.0
3192,14:27:07,64.48,-0.23
3193,14:27:10,64.48,0.0
3194,14:27:16,64.71,0.23
3195,14:27:19,64.71,0.0
3196,14:27:21,64.48,-0.23
3197,14:27:27,64.44,-0.04
3198,14:27:30,64.71,0.27
3199,14:27:33,64.45,-0.26
3200,14:27:40,64.7,0.25
3201,14:27:48,64.5,-0.2
3202,14:27:49,64.46,-0.04
3203,14:27:52,64.45,-0.01
3204,14:27:55,64.34,-0.11
3205,14:28:03,64.34,0.0
3206,14:28:04,64.33,-0.01
3207,14:28:09,64.34,0.01
3208,14:28:15,64.46,0.12
3209,14:28:19,64.46,0.0
3210,14:28:22,64.46,0.0
3211,14:28:37,64.46,0.0
3212,14:28:45,64.35,-0.11
3213,14:29:01,64.47,0.12
3214,14:29:04,64.47,0.0
3215,14:29:07,64.49,0.02
3216,14:29:09,64.35,-0.14
3217,14:29:12,64.36,0.01
3218,14:29:22,64.37,0.01
3219,14:29:25,64.36,-0.01
3220,14:29:27,64.46,0.1
3221,14:29:31,64.46,0.0
3222,14:29:40,64.36,-0.1
3223,14:29:45,64.4,0.04
3224,14:29:52,64.36,-0.04
3225,14:29:55,64.36,0.0
3226,14:30:03,64.4,0.04
3227,14:30:07,64.36,-0.04
3228,14:30:10,64.4,0.04
3229,14:30:12,64.36,-0.04
3230,14:30:15,64.36,0.0
3231,14:30:20,64.36,0.0
3232,14:30:21,64.36,0.0
3233,14:30:25,64.4,0.04
3234,14:30:27,64.4,0.0
3235,14:30:34,64.4,0.0
3236,14:30:40,64.4,0.0
3237,14:30:46,64.4,0.0
3238,14:30:49,64.4,0.0
3239,14:30:52,64.38,-0.02
3240,14:31:04,64.44,0.06
3241,14:31:09,64.44,0.0
3242,14:31:16,64.44,0.0
3243,14:31:18,64.36,-0.08
3244,14:31:21,64.36,0.0
3245,14:31:24,64.36,0.0
3246,14:31:31,64.49,0.13
3247,14:31:37,64.5,0.01
3248,14:31:40,64.75,0.25
3249,14:31:43,64.8,0.05
3250,14:31:45,64.82,0.02
3251,14:31:49,64.9,0.08
3252,14:31:52,64.9,0.0
3253,14:31:55,64.9,0.0
3254,14:31:59,64.88,-0.02
3255,14:32:01,64.88,0.0
3256,14:32:04,64.88,0.0
3257,14:32:13,64.87,-0.01
3258,14:32:16,64.59,-0.28
3259,14:32:25,64.59,0.0
3260,14:32:31,64.59,0.0
3261,14:32:37,64.59,0.0
3262,14:32:40,64.59,0.0
3263,14:32:42,64.59,0.0
3264,14:32:46,64.54,-0.05
3265,14:32:49,64.59,0.05
3266,14:33:04,64.86,0.27
3267,14:33:16,64.59,-0.27
3268,14:33:19,64.59,0.0
3269,14:33:31,64.59,0.0
3270,14:33:37,64.59,0.0
3271,14:33:43,64.5,-0.09
3272,14:33:55,64.45,-0.05
3273,14:34:04,64.49,0.04
3274,14:34:07,64.45,-0.04
3275,14:34:19,64.45,0.0
3276,14:34:28,64.49,0.04
3277,14:34:31,64.43,-0.06
3278,14:34:34,64.43,0.0
3279,14:34:36,64.38,-0.05
3280,14:34:40,64.37,-0.01
3281,14:34:44,64.37,0.0
3282,14:34:49,64.37,0.0
3283,14:34:51,64.37,0.0
3284,14:34:55,64.37,0.0
3285,14:34:58,64.37,0.0
3286,14:35:00,64.36,-0.01
3287,14:35:04,64.38,0.02
3288,14:35:07,64.37,-0.01
3289,14:35:10,64.43,0.06
3290,14:35:13,64.43,0.0
3291,14:35:16,64.37,-0.06
3292,14:35:22,64.43,0.06
3293,14:35:25,64.43,0.0
3294,14:35:29,64.36,-0.07
3295,14:35:31,64.36,0.0
3296,14:35:34,64.37,0.01
3297,14:35:36,64.37,0.0
3298,14:35:42,64.36,-0.01
3299,14:35:46,64.37,0.01
3300,14:35:49,64.36,-0.01
3301,14:35:51,64.36,0.0
3302,14:35:59,64.37,0.01
3303,14:36:01,64.37,0.0
3304,14:36:04,64.37,0.0
3305,14:36:06,64.43,0.06
3306,14:36:10,64.48,0.05
3307,14:36:14,64.48,0.0
3308,14:36:15,64.48,0.0
3309,14:36:19,64.38,-0.1
3310,14:36:25,64.36,-0.02
3311,14:36:29,64.36,0.0
3312,14:36:31,64.36,0.0
3313,14:36:34,64.33,-0.03
3314,14:36:37,64.33,0.0
3315,14:36:40,64.33,0.0
3316,14:36:47,64.28,-0.05
3317,14:36:49,64.28,0.0
3318,14:36:55,64.25,-0.03
3319,14:37:01,64.23,-0.02
3320,14:37:08,64.23,0.0
3321,14:37:10,64.25,0.02
3322,14:37:15,64.3,0.05
3323,14:37:17,64.36,0.06
3324,14:37:23,64.31,-0.05
3325,14:37:25,64.15,-0.16
3326,14:37:29,64.15,0.0
3327,14:37:30,64.15,0.0
3328,14:37:34,64.25,0.1
3329,14:37:38,64.31,0.06
3330,14:37:39,64.36,0.05
3331,14:37:47,64.35,-0.01
3332,14:37:49,64.55,0.2
3333,14:37:53,64.56,0.01
3334,14:37:56,64.62,0.06
3335,14:37:59,64.62,0.0
3336,14:38:00,64.71,0.09
3337,14:38:04,64.71,0.0
3338,14:38:14,64.71,0.0
3339,14:38:17,64.71,0.0
3340,14:38:19,64.76,0.05
3341,14:38:22,64.58,-0.18
3342,14:38:25,64.58,0.0
3343,14:38:42,64.58,0.0
3344,14:38:46,64.17,-0.41
3345,14:38:49,64.57,0.4
3346,14:38:55,64.17,-0.4
3347,14:39:02,64.2,0.03
3348,14:39:08,64.17,-0.03
3349,14:39:16,64.2,0.03
3350,14:39:22,64.17,-0.03
3351,14:39:25,64.17,0.0
3352,14:39:32,64.17,0.0
3353,14:39:34,64.15,-0.02
3354,14:39:36,64.17,0.02
3355,14:39:39,64.17,0.0
3356,14:39:42,64.12,-0.05
3357,14:39:49,64.15,0.03
3358,14:39:51,64.16,0.01
3359,14:39:55,64.15,-0.01
3360,14:39:59,64.16,0.01
3361,14:40:00,64.17,0.01
3362,14:40:04,64.15,-0.02
3363,14:40:07,64.15,0.0
3364,14:40:10,64.16,0.01
3365,14:40:13,64.15,-0.01
3366,14:40:17,64.15,0.0
3367,14:40:19,64.12,-0.03
3368,14:40:22,64.17,0.05
3369,14:40:31,64.11,-0.06
3370,14:40:34,64.14,0.03
3371,14:40:37,64.09,-0.05
3372,14:40:42,64.09,0.0
3373,14:40:45,64.08,-0.01
3374,14:40:49,64.01,-0.07
3375,14:40:59,64.17,0.16
3376,14:41:01,64.2,0.03
3377,14:41:04,64.3,0.1
3378,14:41:10,64.37,0.07
3379,14:41:13,64.33,-0.04
3380,14:41:17,64.3,-0.03
3381,14:41:19,64.01,-0.29
3382,14:41:22,64.25,0.24
3383,14:41:25,63.98,-0.27
3384,14:41:28,63.98,0.0
3385,14:41:31,63.98,0.0
3386,14:41:34,63.98,0.0
3387,14:41:38,64.0,0.02
3388,14:41:39,64.19,0.19
3389,14:41:46,63.98,-0.21
3390,14:41:53,63.98,0.0
3391,14:41:55,64.23,0.25
3392,14:41:58,63.93,-0.3
3393,14:42:08,64.19,0.26
3394,14:42:13,64.17,-0.02
3395,14:42:15,64.12,-0.05
3396,14:42:19,64.09,-0.03
3397,14:42:22,64.11,0.02
3398,14:42:25,63.9,-0.21
3399,14:42:29,63.9,0.0
3400,14:42:34,64.0,0.1
3401,14:42:38,63.98,-0.02
3402,14:42:39,63.98,0.0
3403,14:42:42,64.12,0.14
3404,14:42:46,63.99,-0.13
3405,14:42:49,64.12,0.13
3406,14:42:52,63.9,-0.22
3407,14:42:58,63.98,0.08
3408,14:43:01,64.11,0.13
3409,14:43:04,64.11,0.0
3410,14:43:07,64.11,0.0
3411,14:43:10,63.98,-0.13
3412,14:43:13,63.9,-0.08
3413,14:43:16,63.88,-0.02
3414,14:43:18,63.9,0.02
3415,14:43:21,63.9,0.0
3416,14:43:29,63.93,0.03
3417,14:43:34,64.11,0.18
3418,14:43:37,64.11,0.0
3419,14:43:46,64.11,0.0
3420,14:43:49,63.93,-0.18
3421,14:43:55,64.11,0.18
3422,14:43:59,64.11,0.0
3423,14:44:00,64.11,0.0
3424,14:44:04,64.11,0.0
3425,14:44:10,64.11,0.0
3426,14:44:14,63.97,-0.14
3427,14:44:16,63.97,0.0
3428,14:44:19,63.97,0.0
3429,14:44:22,63.9,-0.07
3430,14:44:25,63.97,0.07
3431,14:44:31,63.96,-0.01
3432,14:44:34,63.93,-0.03
3433,14:44:36,63.97,0.04
3434,14:44:40,63.96,-0.01
3435,14:44:44,63.93,-0.03
3436,14:44:45,63.9,-0.03
3437,14:44:49,63.97,0.07
3438,14:44:51,63.97,0.0
3439,14:44:54,63.93,-0.04
3440,14:45:01,63.96,0.03
3441,14:45:04,63.93,-0.03
3442,14:45:06,63.93,0.0
3443,14:45:10,63.9,-0.03
3444,14:45:16,63.88,-0.02
3445,14:45:25,63.88,0.0
3446,14:45:28,63.88,0.0
3447,14:45:32,63.9,0.02
3448,14:45:34,63.9,0.0
3449,14:45:40,63.89,-0.01
3450,14:45:42,63.89,0.0
3451,14:45:46,63.9,0.01
3452,14:45:49,63.88,-0.02
3453,14:45:52,63.89,0.01
3454,14:45:55,63.9,0.01
3455,14:45:58,63.9,0.0
3456,14:46:01,63.89,-0.01
3457,14:46:04,63.89,0.0
3458,14:46:07,63.9,0.01
3459,14:46:10,63.87,-0.03
3460,14:46:13,63.87,0.0
3461,14:46:17,63.86,-0.01
3462,14:46:19,63.86,0.0
3463,14:46:25,63.86,0.0
3464,14:46:29,63.84,-0.02
3465,14:46:31,63.82,-0.02
3466,14:46:33,63.86,0.04
3467,14:46:37,63.82,-0.04
3468,14:46:39,63.86,0.04
3469,14:46:42,63.82,-0.04
3470,14:46:49,63.8,-0.02
3471,14:46:58,63.8,0.0
3472,14:47:01,63.82,0.02
3473,14:47:04,63.86,0.04
3474,14:47:07,63.82,-0.04
3475,14:47:09,63.82,0.0
3476,14:47:12,63.82,0.0
3477,14:47:16,63.8,-0.02
3478,14:47:23,63.76,-0.04
3479,14:47:25,63.78,0.02
3480,14:47:29,63.73,-0.05
3481,14:47:32,63.81,0.08
3482,14:47:34,63.82,0.01
3483,14:47:37,63.86,0.04
3484,14:47:39,63.93,0.07
3485,14:47:43,64.1,0.17
3486,14:47:45,64.17,0.07
3487,14:47:49,64.3,0.13
3488,14:47:52,64.56,0.26
3489,14:47:55,64.57,0.01
3490,14:47:59,64.85,0.28
3491,14:48:01,64.85,0.0
3492,14:48:04,64.85,0.0
3493,14:48:07,64.85,0.0
3494,14:48:10,64.85,0.0
3495,14:48:13,64.85,0.0
3496,14:48:15,64.8,-0.05
3497,14:48:19,64.7,-0.1
3498,14:48:22,64.7,0.0
3499,14:48:25,64.62,-0.08
3500,14:48:29,64.62,0.0
3501,14:48:31,64.16,-0.46
3502,14:48:34,64.16,0.0
3503,14:48:37,64.16,0.0
3504,14:48:39,64.16,0.0
3505,14:48:43,64.16,0.0
3506,14:48:47,64.16,0.0
3507,14:48:49,64.16,0.0
3508,14:48:52,64.16,0.0
3509,14:49:05,64.16,0.0
3510,14:49:10,64.17,0.01
3511,14:49:13,64.19,0.02
3512,14:49:15,64.16,-0.03
3513,14:49:19,64.16,0.0
3514,14:49:23,64.1,-0.06
3515,14:49:28,64.16,0.06
3516,14:49:35,64.48,0.32
3517,14:49:39,64.16,-0.32
3518,14:49:46,64.45,0.29
3519,14:49:58,64.18,-0.27
3520,14:50:02,64.45,0.27
3521,14:50:04,64.45,0.0
3522,14:50:07,64.36,-0.09
3523,14:50:09,64.18,-0.18
3524,14:50:14,64.2,0.02
3525,14:50:19,64.21,0.01
3526,14:50:22,64.33,0.12
3527,14:50:25,64.33,0.0
3528,14:50:28,64.21,-0.12
3529,14:50:34,64.27,0.06
3530,14:50:46,64.22,-0.05
3531,14:50:49,64.21,-0.01
3532,14:50:52,64.21,0.0
3533,14:50:55,64.22,0.01
3534,14:50:59,64.22,0.0
3535,14:51:01,64.2,-0.02
3536,14:51:04,64.22,0.02
3537,14:51:07,64.2,-0.02
3538,14:51:10,64.2,0.0
3539,14:51:13,64.18,-0.02
3540,14:51:16,64.11,-0.07
3541,14:51:19,64.1,-0.01
3542,14:51:22,64.1,0.0
3543,14:51:25,64.02,-0.08
3544,14:51:28,64.01,-0.01
3545,14:51:31,64.11,0.1
3546,14:51:34,64.02,-0.09
3547,14:51:37,64.0,-0.02
3548,14:51:42,63.78,-0.22
3549,14:51:46,64.01,0.23
3550,14:51:49,63.78,-0.23
3551,14:51:55,64.0,0.22
3552,14:51:57,64.0,0.0
3553,14:52:02,63.98,-0.02
3554,14:52:04,63.98,0.0
3555,14:52:10,63.82,-0.16
3556,14:52:13,63.78,-0.04
3557,14:52:16,63.78,0.0
3558,14:52:19,63.78,0.0
3559,14:52:22,63.78,0.0
3560,14:52:24,64.0,0.22
3561,14:52:29,63.78,-0.22
3562,14:52:34,63.82,0.04
3563,14:52:40,63.88,0.06
3564,14:52:42,63.95,0.07
3565,14:52:47,63.75,-0.2
3566,14:52:49,64.04,0.29
3567,14:52:52,63.79,-0.25
3568,14:52:58,64.04,0.25
3569,14:53:01,64.04,0.0
3570,14:53:03,63.76,-0.28
3571,14:53:08,64.01,0.25
3572,14:53:10,63.99,-0.02
3573,14:53:13,63.76,-0.23
3574,14:53:25,63.76,0.0
3575,14:53:28,63.76,0.0
3576,14:53:30,63.75,-0.01
3577,14:53:34,63.76,0.01
3578,14:53:37,63.73,-0.03
3579,14:53:40,63.76,0.03
3580,14:53:44,63.73,-0.03
3581,14:53:45,63.72,-0.01
3582,14:53:49,63.72,0.0
3583,14:53:51,63.72,0.0
3584,14:53:56,63.71,-0.01
3585,14:53:58,64.01,0.3
3586,14:54:01,64.01,0.0
3587,14:54:04,64.0,-0.01
3588,14:54:07,64.0,0.0
3589,14:54:11,64.01,0.01
3590,14:54:13,64.15,0.14
3591,14:54:17,64.18,0.03
3592,14:54:19,64.09,-0.09
3593,14:54:22,64.18,0.09
3594,14:54:25,64.18,0.0
3595,14:54:27,64.18,0.0
3596,14:54:34,64.18,0.0
3597,14:54:37,64.18,0.0
3598,14:54:43,64.15,-0.03
3599,14:54:47,64.03,-0.12
3600,14:54:52,64.15,0.12
3601,14:54:55,64.14,-0.01
3602,14:54:59,64.04,-0.1
3603,14:55:01,64.03,-0.01
3604,14:55:06,64.15,0.12
3605,14:55:09,64.04,-0.11
3606,14:55:16,64.11,0.07
3607,14:55:19,64.03,-0.08
3608,14:55:25,64.03,0.0
3609,14:55:28,64.0,-0.03
3610,14:55:31,64.03,0.03
3611,14:55:33,64.0,-0.03
3612,14:55:37,63.99,-0.01
3613,14:55:39,63.9,-0.09
3614,14:55:43,64.0,0.1
3615,14:55:46,63.78,-0.22
3616,14:55:52,63.75,-0.03
3617,14:55:55,63.75,0.0
3618,14:55:58,63.8,0.05
3619,14:56:04,64.0,0.2
3620,14:56:07,64.0,0.0
3621,14:56:10,63.72,-0.28
3622,14:56:13,64.03,0.31
3623,14:56:19,63.75,-0.28
3624,14:56:22,63.72,-0.03
3625,14:56:29,64.02,0.3
3626,14:56:30,63.71,-0.31
3627,14:56:37,64.0,0.29
3628,14:56:43,63.68,-0.32
3629,14:56:46,64.0,0.32
3630,14:56:48,64.0,0.0
3631,14:57:02,64.0,0.0
3632,15:00:01,63.9,-0.1
