美元指数,2020-07-28,93.8093
美元指数,2020-07-28,93.7913
美元指数,2020-07-28,93.7913
美元指数,2020-07-28,93.7913
美元指数,2020-07-28,93.7904
美元指数,2020-07-28,93.7904
美元指数,2020-07-28,93.7790
美元指数,2020-07-28,93.7790
美元指数,2020-07-28,93.7790
美元指数,2020-07-28,93.7803
美元指数,2020-07-28,93.7803
美元指数,2020-07-28,93.7803
美元指数,2020-07-28,93.7772
美元指数,2020-07-28,93.7772
美元指数,2020-07-28,93.7772
美元指数,2020-07-28,93.7811
美元指数,2020-07-28,93.7811
美元指数,2020-07-28,93.7811
美元指数,2020-07-28,93.7862
美元指数,2020-07-28,93.7862
美元指数,2020-07-28,93.7873
美元指数,2020-07-28,93.7873
美元指数,2020-07-28,93.7873
美元指数,2020-07-28,93.7995
美元指数,2020-07-28,93.7995
美元指数,2020-07-28,93.7995
美元指数,2020-07-28,93.7979
美元指数,2020-07-28,93.7979
美元指数,2020-07-28,93.7979
美元指数,2020-07-28,93.7751
美元指数,2020-07-28,93.7751
美元指数,2020-07-28,93.7751
美元指数,2020-07-28,93.7751
美元指数,2020-07-28,93.7751
美元指数,2020-07-28,93.7751
美元指数,2020-07-28,93.7751
美元指数,2020-07-28,93.7751
美元指数,2020-07-28,93.7827
美元指数,2020-07-28,93.7827
美元指数,2020-07-28,93.7827
美元指数,2020-07-28,93.7856
美元指数,2020-07-28,93.7856
美元指数,2020-07-28,93.7856
美元指数,2020-07-28,93.7765
美元指数,2020-07-28,93.7765
美元指数,2020-07-28,93.7829
美元指数,2020-07-28,93.7829
美元指数,2020-07-28,93.7829
美元指数,2020-07-28,93.7829
美元指数,2020-07-28,93.7829
美元指数,2020-07-28,93.7829
美元指数,2020-07-28,93.7829
美元指数,2020-07-28,93.7829
美元指数,2020-07-28,93.7829
美元指数,2020-07-28,93.7829
美元指数,2020-07-28,93.7829
美元指数,2020-07-28,93.7829
美元指数,2020-07-28,93.7829
美元指数,2020-07-28,93.7829
美元指数,2020-07-28,93.7862
美元指数,2020-07-28,93.7862
美元指数,2020-07-28,93.7862
美元指数,2020-07-28,93.7851
美元指数,2020-07-28,93.7851
美元指数,2020-07-28,93.7851
美元指数,2020-07-28,93.7851
美元指数,2020-07-28,93.7851
美元指数,2020-07-28,93.7851
美元指数,2020-07-28,93.7851
美元指数,2020-07-28,93.7851
美元指数,2020-07-28,93.8155
美元指数,2020-07-28,93.8155
美元指数,2020-07-28,93.8155
美元指数,2020-07-28,93.8113
美元指数,2020-07-28,93.8113
美元指数,2020-07-28,93.8113
美元指数,2020-07-28,93.8113
美元指数,2020-07-28,93.8113
美元指数,2020-07-28,93.8113
美元指数,2020-07-28,93.8113
美元指数,2020-07-28,93.8113
美元指数,2020-07-28,93.8113
美元指数,2020-07-28,93.8113
美元指数,2020-07-28,93.8113
美元指数,2020-07-28,93.8149
美元指数,2020-07-28,93.8149
美元指数,2020-07-28,93.8149
美元指数,2020-07-28,93.8072
美元指数,2020-07-28,93.8072
美元指数,2020-07-28,93.8072
美元指数,2020-07-28,93.8027
美元指数,2020-07-28,93.8027
美元指数,2020-07-28,93.8027
美元指数,2020-07-28,93.8096
美元指数,2020-07-28,93.8096
美元指数,2020-07-28,93.8096
美元指数,2020-07-28,93.8096
美元指数,2020-07-28,93.8003
美元指数,2020-07-28,93.8003
美元指数,2020-07-28,93.8007
美元指数,2020-07-28,93.8007
美元指数,2020-07-28,93.8007
美元指数,2020-07-28,93.8038
美元指数,2020-07-28,93.8038
美元指数,2020-07-28,93.8023
美元指数,2020-07-28,93.8023
美元指数,2020-07-28,93.8023
美元指数,2020-07-28,93.7896
美元指数,2020-07-28,93.7896
美元指数,2020-07-28,93.7896
美元指数,2020-07-28,93.7924
美元指数,2020-07-28,93.7924
美元指数,2020-07-28,93.7907
美元指数,2020-07-28,93.7907
美元指数,2020-07-28,93.7907
美元指数,2020-07-28,93.7896
美元指数,2020-07-28,93.7896
美元指数,2020-07-28,93.7896
美元指数,2020-07-28,93.7896
美元指数,2020-07-28,93.7896
美元指数,2020-07-28,93.7896
美元指数,2020-07-28,93.7896
美元指数,2020-07-28,93.7896
美元指数,2020-07-28,93.8056
美元指数,2020-07-28,93.8056
美元指数,2020-07-28,93.8023
美元指数,2020-07-28,93.8023
美元指数,2020-07-28,93.8023
美元指数,2020-07-28,93.8023
美元指数,2020-07-28,93.8169
美元指数,2020-07-28,93.8169
美元指数,2020-07-28,93.8261
美元指数,2020-07-28,93.8261
美元指数,2020-07-28,93.8261
美元指数,2020-07-28,93.8246
美元指数,2020-07-28,93.8246
美元指数,2020-07-28,93.8234
美元指数,2020-07-28,93.8234
美元指数,2020-07-28,93.8234
美元指数,2020-07-28,93.8355
美元指数,2020-07-28,93.8355
美元指数,2020-07-28,93.8355
美元指数,2020-07-28,93.8374
美元指数,2020-07-28,93.8374
美元指数,2020-07-28,93.8374
美元指数,2020-07-28,93.8413
美元指数,2020-07-28,93.8413
美元指数,2020-07-28,93.8400
美元指数,2020-07-28,93.8400
美元指数,2020-07-28,93.8400
美元指数,2020-07-28,93.8395
美元指数,2020-07-28,93.8395
美元指数,2020-07-28,93.8395
美元指数,2020-07-28,93.8378
美元指数,2020-07-28,93.8378
美元指数,2020-07-28,93.8263
美元指数,2020-07-28,93.8263
美元指数,2020-07-28,93.8263
美元指数,2020-07-28,93.8327
美元指数,2020-07-28,93.8327
美元指数,2020-07-28,93.8327
美元指数,2020-07-28,93.8264
美元指数,2020-07-28,93.8264
美元指数,2020-07-28,93.8264
美元指数,2020-07-28,93.8353
美元指数,2020-07-28,93.8353
美元指数,2020-07-28,93.8353
美元指数,2020-07-28,93.8372
美元指数,2020-07-28,93.8372
美元指数,2020-07-28,93.8359
美元指数,2020-07-28,93.8359
美元指数,2020-07-28,93.8359
美元指数,2020-07-28,93.8349
美元指数,2020-07-28,93.8349
美元指数,2020-07-28,93.8349
美元指数,2020-07-28,93.8456
美元指数,2020-07-28,93.8456
美元指数,2020-07-28,93.8406
美元指数,2020-07-28,93.8406
美元指数,2020-07-28,93.8406
美元指数,2020-07-28,93.8369
美元指数,2020-07-28,93.8369
美元指数,2020-07-28,93.8394
美元指数,2020-07-28,93.8394
美元指数,2020-07-28,93.8394
美元指数,2020-07-28,93.8435
美元指数,2020-07-28,93.8435
美元指数,2020-07-28,93.8413
美元指数,2020-07-28,93.8413
美元指数,2020-07-28,93.8413
美元指数,2020-07-28,93.8352
美元指数,2020-07-28,93.8352
美元指数,2020-07-28,93.8352
美元指数,2020-07-28,93.8230
美元指数,2020-07-28,93.8230
美元指数,2020-07-28,93.8230
美元指数,2020-07-28,93.8269
美元指数,2020-07-28,93.8269
美元指数,2020-07-28,93.8280
美元指数,2020-07-28,93.8280
美元指数,2020-07-28,93.8280
美元指数,2020-07-28,93.8288
美元指数,2020-07-28,93.8288
美元指数,2020-07-28,93.8288
美元指数,2020-07-28,93.8286
美元指数,2020-07-28,93.8286
美元指数,2020-07-28,93.8268
美元指数,2020-07-28,93.8268
美元指数,2020-07-28,93.8268
美元指数,2020-07-28,93.8238
美元指数,2020-07-28,93.8238
美元指数,2020-07-28,93.8238
美元指数,2020-07-28,93.8190
美元指数,2020-07-28,93.8190
美元指数,2020-07-28,93.8190
美元指数,2020-07-28,93.8241
美元指数,2020-07-28,93.8241
美元指数,2020-07-28,93.8247
美元指数,2020-07-28,93.8247
美元指数,2020-07-28,93.8247
美元指数,2020-07-28,93.8265
美元指数,2020-07-28,93.8265
美元指数,2020-07-28,93.8265
美元指数,2020-07-28,93.8271
美元指数,2020-07-28,93.8271
美元指数,2020-07-28,93.8271
美元指数,2020-07-28,93.8212
美元指数,2020-07-28,93.8212
美元指数,2020-07-28,93.8212
美元指数,2020-07-28,93.8191
美元指数,2020-07-28,93.8191
美元指数,2020-07-28,93.8146
美元指数,2020-07-28,93.8146
美元指数,2020-07-28,93.8146
美元指数,2020-07-28,93.8148
美元指数,2020-07-28,93.8148
美元指数,2020-07-28,93.8148
美元指数,2020-07-28,93.8033
美元指数,2020-07-28,93.8033
美元指数,2020-07-28,93.8017
美元指数,2020-07-28,93.8017
美元指数,2020-07-28,93.8017
美元指数,2020-07-28,93.7963
美元指数,2020-07-28,93.7963
美元指数,2020-07-28,93.7963
美元指数,2020-07-28,93.7960
美元指数,2020-07-28,93.7960
美元指数,2020-07-28,93.7977
美元指数,2020-07-28,93.7977
美元指数,2020-07-28,93.7977
美元指数,2020-07-28,93.7928
美元指数,2020-07-28,93.7928
美元指数,2020-07-28,93.7928
美元指数,2020-07-28,93.7914
美元指数,2020-07-28,93.7914
美元指数,2020-07-28,93.7866
美元指数,2020-07-28,93.7866
美元指数,2020-07-28,93.7866
美元指数,2020-07-28,93.7899
美元指数,2020-07-28,93.7899
美元指数,2020-07-28,93.7899
美元指数,2020-07-28,93.7904
美元指数,2020-07-28,93.7904
美元指数,2020-07-28,93.7904
美元指数,2020-07-28,93.7917
美元指数,2020-07-28,93.7917
美元指数,2020-07-28,93.7965
美元指数,2020-07-28,93.7965
美元指数,2020-07-28,93.7965
美元指数,2020-07-28,93.7977
美元指数,2020-07-28,93.7977
美元指数,2020-07-28,93.7977
美元指数,2020-07-28,93.8020
美元指数,2020-07-28,93.8020
美元指数,2020-07-28,93.8020
美元指数,2020-07-28,93.7930
美元指数,2020-07-28,93.7930
美元指数,2020-07-28,93.7864
美元指数,2020-07-28,93.7864
美元指数,2020-07-28,93.7864
美元指数,2020-07-28,93.7871
美元指数,2020-07-28,93.7871
美元指数,2020-07-28,93.7969
美元指数,2020-07-28,93.7969
美元指数,2020-07-28,93.7969
美元指数,2020-07-28,93.8068
美元指数,2020-07-28,93.8068
美元指数,2020-07-28,93.8068
美元指数,2020-07-28,93.8045
美元指数,2020-07-28,93.8045
美元指数,2020-07-28,93.8045
美元指数,2020-07-28,93.8147
美元指数,2020-07-28,93.8147
美元指数,2020-07-28,93.8082
美元指数,2020-07-28,93.8082
美元指数,2020-07-28,93.8082
美元指数,2020-07-28,93.8066
美元指数,2020-07-28,93.8066
美元指数,2020-07-28,93.8066
美元指数,2020-07-28,93.8092
美元指数,2020-07-28,93.8092
美元指数,2020-07-28,93.8107
美元指数,2020-07-28,93.8107
美元指数,2020-07-28,93.8107
美元指数,2020-07-28,93.8061
美元指数,2020-07-28,93.8061
美元指数,2020-07-28,93.8061
美元指数,2020-07-28,93.8025
美元指数,2020-07-28,93.8025
美元指数,2020-07-28,93.8090
美元指数,2020-07-28,93.8090
美元指数,2020-07-28,93.8090
美元指数,2020-07-28,93.8138
美元指数,2020-07-28,93.8138
美元指数,2020-07-28,93.8138
美元指数,2020-07-28,93.8156
美元指数,2020-07-28,93.8156
美元指数,2020-07-28,93.8152
美元指数,2020-07-28,93.8152
美元指数,2020-07-28,93.8152
美元指数,2020-07-28,93.8241
美元指数,2020-07-28,93.8241
美元指数,2020-07-28,93.8177
美元指数,2020-07-28,93.8177
美元指数,2020-07-28,93.8177
美元指数,2020-07-28,93.8195
美元指数,2020-07-28,93.8195
美元指数,2020-07-28,93.8175
美元指数,2020-07-28,93.8175
美元指数,2020-07-28,93.8175
美元指数,2020-07-28,93.8023
美元指数,2020-07-28,93.8023
美元指数,2020-07-28,93.8047
美元指数,2020-07-28,93.8047
美元指数,2020-07-28,93.8047
美元指数,2020-07-28,93.8132
美元指数,2020-07-28,93.8132
美元指数,2020-07-28,93.8132
美元指数,2020-07-28,93.8248
美元指数,2020-07-28,93.8248
美元指数,2020-07-28,93.8248
美元指数,2020-07-28,93.8198
美元指数,2020-07-28,93.8198
美元指数,2020-07-28,93.8172
美元指数,2020-07-28,93.8172
美元指数,2020-07-28,93.8172
美元指数,2020-07-28,93.8281
美元指数,2020-07-28,93.8281
美元指数,2020-07-28,93.8281
美元指数,2020-07-28,93.8272
美元指数,2020-07-28,93.8272
美元指数,2020-07-28,93.8243
美元指数,2020-07-28,93.8243
美元指数,2020-07-28,93.8243
美元指数,2020-07-28,93.8339
美元指数,2020-07-28,93.8339
美元指数,2020-07-28,93.8339
美元指数,2020-07-28,93.8362
美元指数,2020-07-28,93.8362
美元指数,2020-07-28,93.8356
美元指数,2020-07-28,93.8356
美元指数,2020-07-28,93.8356
美元指数,2020-07-28,93.8395
美元指数,2020-07-28,93.8395
美元指数,2020-07-28,93.8401
美元指数,2020-07-28,93.8401
美元指数,2020-07-28,93.8401
美元指数,2020-07-28,93.8419
美元指数,2020-07-28,93.8419
美元指数,2020-07-28,93.8419
美元指数,2020-07-28,93.8323
美元指数,2020-07-28,93.8323
美元指数,2020-07-28,93.8327
美元指数,2020-07-28,93.8327
美元指数,2020-07-28,93.8327
美元指数,2020-07-28,93.8352
美元指数,2020-07-28,93.8352
美元指数,2020-07-28,93.8349
美元指数,2020-07-28,93.8349
美元指数,2020-07-28,93.8349
美元指数,2020-07-28,93.8368
美元指数,2020-07-28,93.8368
美元指数,2020-07-28,93.8387
美元指数,2020-07-28,93.8387
美元指数,2020-07-28,93.8387
美元指数,2020-07-28,93.8352
美元指数,2020-07-28,93.8352
美元指数,2020-07-28,93.8296
美元指数,2020-07-28,93.8296
美元指数,2020-07-28,93.8317
美元指数,2020-07-28,93.8317
美元指数,2020-07-28,93.8292
美元指数,2020-07-28,93.8292
美元指数,2020-07-28,93.8292
美元指数,2020-07-28,93.8339
美元指数,2020-07-28,93.8339
美元指数,2020-07-28,93.8339
美元指数,2020-07-28,93.8352
美元指数,2020-07-28,93.8352
美元指数,2020-07-28,93.8352
美元指数,2020-07-28,93.8348
美元指数,2020-07-28,93.8348
美元指数,2020-07-28,93.8407
美元指数,2020-07-28,93.8407
美元指数,2020-07-28,93.8407
美元指数,2020-07-28,93.8384
美元指数,2020-07-28,93.8384
美元指数,2020-07-28,93.8384
美元指数,2020-07-28,93.8367
美元指数,2020-07-28,93.8367
美元指数,2020-07-28,93.8388
美元指数,2020-07-28,93.8388
美元指数,2020-07-28,93.8388
美元指数,2020-07-28,93.8307
美元指数,2020-07-28,93.8307
美元指数,2020-07-28,93.8307
美元指数,2020-07-28,93.8272
美元指数,2020-07-28,93.8272
美元指数,2020-07-28,93.8278
美元指数,2020-07-28,93.8278
美元指数,2020-07-28,93.8278
美元指数,2020-07-28,93.8247
美元指数,2020-07-28,93.8247
美元指数,2020-07-28,93.8261
美元指数,2020-07-28,93.8261
美元指数,2020-07-28,93.8261
美元指数,2020-07-28,93.8204
美元指数,2020-07-28,93.8204
美元指数,2020-07-28,93.8204
美元指数,2020-07-28,93.8228
美元指数,2020-07-28,93.8228
美元指数,2020-07-28,93.8183
美元指数,2020-07-28,93.8183
美元指数,2020-07-28,93.8183
美元指数,2020-07-28,93.8165
美元指数,2020-07-28,93.8165
美元指数,2020-07-28,93.8179
美元指数,2020-07-28,93.8179
美元指数,2020-07-28,93.8179
美元指数,2020-07-28,93.8137
美元指数,2020-07-28,93.8137
美元指数,2020-07-28,93.8137
美元指数,2020-07-28,93.8242
美元指数,2020-07-28,93.8242
美元指数,2020-07-28,93.8280
美元指数,2020-07-28,93.8280
美元指数,2020-07-28,93.8280
美元指数,2020-07-28,93.8195
美元指数,2020-07-28,93.8195
美元指数,2020-07-28,93.8141
美元指数,2020-07-28,93.8141
美元指数,2020-07-28,93.8141
美元指数,2020-07-28,93.8110
美元指数,2020-07-28,93.8110
美元指数,2020-07-28,93.8110
美元指数,2020-07-28,93.8153
美元指数,2020-07-28,93.8153
美元指数,2020-07-28,93.8155
美元指数,2020-07-28,93.8155
美元指数,2020-07-28,93.8155
美元指数,2020-07-28,93.8118
美元指数,2020-07-28,93.8118
美元指数,2020-07-28,93.8118
美元指数,2020-07-28,93.8080
美元指数,2020-07-28,93.8080
美元指数,2020-07-28,93.8053
美元指数,2020-07-28,93.8053
美元指数,2020-07-28,93.8053
美元指数,2020-07-28,93.8046
美元指数,2020-07-28,93.8046
美元指数,2020-07-28,93.8046
美元指数,2020-07-28,93.8013
美元指数,2020-07-28,93.8013
美元指数,2020-07-28,93.7911
美元指数,2020-07-28,93.7911
美元指数,2020-07-28,93.7911
美元指数,2020-07-28,93.7916
美元指数,2020-07-28,93.7916
美元指数,2020-07-28,93.7916
美元指数,2020-07-28,93.7896
美元指数,2020-07-28,93.7896
美元指数,2020-07-28,93.7877
美元指数,2020-07-28,93.7877
美元指数,2020-07-28,93.7877
美元指数,2020-07-28,93.7764
美元指数,2020-07-28,93.7764
美元指数,2020-07-28,93.7764
美元指数,2020-07-28,93.7836
美元指数,2020-07-28,93.7836
美元指数,2020-07-28,93.7828
美元指数,2020-07-28,93.7828
美元指数,2020-07-28,93.7828
美元指数,2020-07-28,93.7814
美元指数,2020-07-28,93.7811
美元指数,2020-07-28,93.7811
美元指数,2020-07-28,93.7811
美元指数,2020-07-28,93.7868
美元指数,2020-07-28,93.7868
美元指数,2020-07-28,93.7832
美元指数,2020-07-28,93.7832
美元指数,2020-07-28,93.7832
美元指数,2020-07-28,93.7778
美元指数,2020-07-28,93.7778
美元指数,2020-07-28,93.7778
美元指数,2020-07-28,93.7755
美元指数,2020-07-28,93.7755
美元指数,2020-07-28,93.7755
美元指数,2020-07-28,93.7720
美元指数,2020-07-28,93.7720
美元指数,2020-07-28,93.7798
美元指数,2020-07-28,93.7798
美元指数,2020-07-28,93.7798
美元指数,2020-07-28,93.7760
美元指数,2020-07-28,93.7760
美元指数,2020-07-28,93.7760
美元指数,2020-07-28,93.7761
美元指数,2020-07-28,93.7761
美元指数,2020-07-28,93.7680
美元指数,2020-07-28,93.7680
美元指数,2020-07-28,93.7680
美元指数,2020-07-28,93.7773
美元指数,2020-07-28,93.7773
美元指数,2020-07-28,93.7773
美元指数,2020-07-28,93.7769
美元指数,2020-07-28,93.7769
美元指数,2020-07-28,93.7754
美元指数,2020-07-28,93.7754
美元指数,2020-07-28,93.7754
美元指数,2020-07-28,93.7731
美元指数,2020-07-28,93.7731
美元指数,2020-07-28,93.7731
美元指数,2020-07-28,93.7771
美元指数,2020-07-28,93.7771
美元指数,2020-07-28,93.7747
美元指数,2020-07-28,93.7747
美元指数,2020-07-28,93.7747
美元指数,2020-07-28,93.7737
美元指数,2020-07-28,93.7737
美元指数,2020-07-28,93.7737
美元指数,2020-07-28,93.7764
美元指数,2020-07-28,93.7764
美元指数,2020-07-28,93.7764
美元指数,2020-07-28,93.7819
美元指数,2020-07-28,93.7819
美元指数,2020-07-28,93.7896
美元指数,2020-07-28,93.7896
美元指数,2020-07-28,93.7896
美元指数,2020-07-28,93.7917
美元指数,2020-07-28,93.7917
美元指数,2020-07-28,93.7959
美元指数,2020-07-28,93.7959
美元指数,2020-07-28,93.7959
美元指数,2020-07-28,93.7734
美元指数,2020-07-28,93.7734
美元指数,2020-07-28,93.7734
美元指数,2020-07-28,93.7797
美元指数,2020-07-28,93.7797
美元指数,2020-07-28,93.7797
美元指数,2020-07-28,93.7868
美元指数,2020-07-28,93.7868
美元指数,2020-07-28,93.7857
美元指数,2020-07-28,93.7857
美元指数,2020-07-28,93.7857
美元指数,2020-07-28,93.7872
美元指数,2020-07-28,93.7872
美元指数,2020-07-28,93.7872
美元指数,2020-07-28,93.8012
美元指数,2020-07-28,93.8012
美元指数,2020-07-28,93.7961
美元指数,2020-07-28,93.7961
美元指数,2020-07-28,93.7935
美元指数,2020-07-28,93.7935
美元指数,2020-07-28,93.7935
美元指数,2020-07-28,93.7951
美元指数,2020-07-28,93.7951
美元指数,2020-07-28,93.7951
美元指数,2020-07-28,93.7915
美元指数,2020-07-28,93.7915
美元指数,2020-07-28,93.7915
美元指数,2020-07-28,93.7927
美元指数,2020-07-28,93.7927
美元指数,2020-07-28,93.7911
美元指数,2020-07-28,93.7911
美元指数,2020-07-28,93.7911
美元指数,2020-07-28,93.7974
美元指数,2020-07-28,93.7974
美元指数,2020-07-28,93.8007
美元指数,2020-07-28,93.8007
美元指数,2020-07-28,93.8007
美元指数,2020-07-28,93.8029
美元指数,2020-07-28,93.8029
美元指数,2020-07-28,93.8029
美元指数,2020-07-28,93.8159
美元指数,2020-07-28,93.8159
美元指数,2020-07-28,93.8159
美元指数,2020-07-28,93.8194
美元指数,2020-07-28,93.8194
美元指数,2020-07-28,93.8160
美元指数,2020-07-28,93.8160
美元指数,2020-07-28,93.8160
美元指数,2020-07-28,93.8126
美元指数,2020-07-28,93.8126
美元指数,2020-07-28,93.8126
美元指数,2020-07-28,93.8152
美元指数,2020-07-28,93.8152
美元指数,2020-07-28,93.8103
美元指数,2020-07-28,93.8103
美元指数,2020-07-28,93.8103
美元指数,2020-07-28,93.8076
美元指数,2020-07-28,93.8076
美元指数,2020-07-28,93.7974
美元指数,2020-07-28,93.7974
美元指数,2020-07-28,93.7974
美元指数,2020-07-28,93.8008
美元指数,2020-07-28,93.8008
美元指数,2020-07-28,93.7987
美元指数,2020-07-28,93.7987
美元指数,2020-07-28,93.7987
美元指数,2020-07-28,93.7952
美元指数,2020-07-28,93.7952
美元指数,2020-07-28,93.7952
美元指数,2020-07-28,93.8014
美元指数,2020-07-28,93.8014
美元指数,2020-07-28,93.8014
美元指数,2020-07-28,93.8065
美元指数,2020-07-28,93.8065
美元指数,2020-07-28,93.8058
美元指数,2020-07-28,93.8058
美元指数,2020-07-28,93.8058
美元指数,2020-07-28,93.8012
美元指数,2020-07-28,93.8012
美元指数,2020-07-28,93.7932
美元指数,2020-07-28,93.7932
美元指数,2020-07-28,93.7932
美元指数,2020-07-28,93.7922
美元指数,2020-07-28,93.7922
美元指数,2020-07-28,93.8013
美元指数,2020-07-28,93.8013
美元指数,2020-07-28,93.8013
美元指数,2020-07-28,93.7953
美元指数,2020-07-28,93.7953
美元指数,2020-07-28,93.7933
美元指数,2020-07-28,93.7933
美元指数,2020-07-28,93.7933
美元指数,2020-07-28,93.7909
美元指数,2020-07-28,93.7909
美元指数,2020-07-28,93.7973
美元指数,2020-07-28,93.7973
美元指数,2020-07-28,93.7973
美元指数,2020-07-28,93.8014
美元指数,2020-07-28,93.8014
美元指数,2020-07-28,93.8014
美元指数,2020-07-28,93.8128
美元指数,2020-07-28,93.8128
美元指数,2020-07-28,93.8086
美元指数,2020-07-28,93.8086
美元指数,2020-07-28,93.8086
美元指数,2020-07-28,93.8097
美元指数,2020-07-28,93.8097
美元指数,2020-07-28,93.8248
美元指数,2020-07-28,93.8248
美元指数,2020-07-28,93.8248
美元指数,2020-07-28,93.8207
美元指数,2020-07-28,93.8207
美元指数,2020-07-28,93.8235
美元指数,2020-07-28,93.8235
美元指数,2020-07-28,93.8235
美元指数,2020-07-28,93.8282
美元指数,2020-07-28,93.8282
美元指数,2020-07-28,93.8282
美元指数,2020-07-28,93.8220
美元指数,2020-07-28,93.8220
美元指数,2020-07-28,93.8201
美元指数,2020-07-28,93.8201
美元指数,2020-07-28,93.8201
美元指数,2020-07-28,93.8096
美元指数,2020-07-28,93.8096
美元指数,2020-07-28,93.8096
美元指数,2020-07-28,93.8109
美元指数,2020-07-28,93.8109
美元指数,2020-07-28,93.8188
美元指数,2020-07-28,93.8188
美元指数,2020-07-28,93.8188
美元指数,2020-07-28,93.8180
美元指数,2020-07-28,93.8180
美元指数,2020-07-28,93.8180
美元指数,2020-07-28,93.8174
美元指数,2020-07-28,93.8174
美元指数,2020-07-28,93.8137
美元指数,2020-07-28,93.8137
美元指数,2020-07-28,93.8137
美元指数,2020-07-28,93.8071
美元指数,2020-07-28,93.8071
美元指数,2020-07-28,93.8133
美元指数,2020-07-28,93.8133
美元指数,2020-07-28,93.8133
美元指数,2020-07-28,93.8099
美元指数,2020-07-28,93.8099
美元指数,2020-07-28,93.8099
美元指数,2020-07-28,93.7976
美元指数,2020-07-28,93.7976
美元指数,2020-07-28,93.7976
美元指数,2020-07-28,93.7964
美元指数,2020-07-28,93.7964
美元指数,2020-07-28,93.7975
美元指数,2020-07-28,93.7975
美元指数,2020-07-28,93.7975
美元指数,2020-07-28,93.7920
美元指数,2020-07-28,93.7920
美元指数,2020-07-28,93.7920
美元指数,2020-07-28,93.7945
美元指数,2020-07-28,93.7945
美元指数,2020-07-28,93.7987
美元指数,2020-07-28,93.7987
美元指数,2020-07-28,93.7987
美元指数,2020-07-28,93.7915
美元指数,2020-07-28,93.7915
美元指数,2020-07-28,93.7969
美元指数,2020-07-28,93.7969
美元指数,2020-07-28,93.7969
美元指数,2020-07-28,93.7965
美元指数,2020-07-28,93.7965
美元指数,2020-07-28,93.7965
美元指数,2020-07-28,93.7901
美元指数,2020-07-28,93.7901
美元指数,2020-07-28,93.7882
美元指数,2020-07-28,93.7882
美元指数,2020-07-28,93.7882
美元指数,2020-07-28,93.7953
美元指数,2020-07-28,93.7953
美元指数,2020-07-28,93.7953
美元指数,2020-07-28,93.7900
美元指数,2020-07-28,93.7900
美元指数,2020-07-28,93.7868
美元指数,2020-07-28,93.7868
美元指数,2020-07-28,93.7868
美元指数,2020-07-28,93.7938
美元指数,2020-07-28,93.7938
美元指数,2020-07-28,93.7943
美元指数,2020-07-28,93.7943
美元指数,2020-07-28,93.7931
美元指数,2020-07-28,93.7931
美元指数,2020-07-28,93.7931
美元指数,2020-07-28,93.7969
美元指数,2020-07-28,93.7969
美元指数,2020-07-28,93.7969
美元指数,2020-07-28,93.7988
美元指数,2020-07-28,93.7988
美元指数,2020-07-28,93.7922
美元指数,2020-07-28,93.7922
美元指数,2020-07-28,93.7922
美元指数,2020-07-28,93.8101
美元指数,2020-07-28,93.8101
美元指数,2020-07-28,93.8233
美元指数,2020-07-28,93.8233
美元指数,2020-07-28,93.8233
美元指数,2020-07-28,93.8354
美元指数,2020-07-28,93.8354
美元指数,2020-07-28,93.8354
美元指数,2020-07-28,93.8273
美元指数,2020-07-28,93.8273
美元指数,2020-07-28,93.8285
美元指数,2020-07-28,93.8285
美元指数,2020-07-28,93.8285
美元指数,2020-07-28,93.8193
美元指数,2020-07-28,93.8193
美元指数,2020-07-28,93.8180
美元指数,2020-07-28,93.8180
美元指数,2020-07-28,93.8180
美元指数,2020-07-28,93.8248
美元指数,2020-07-28,93.8248
美元指数,2020-07-28,93.8060
美元指数,2020-07-28,93.8060
美元指数,2020-07-28,93.7996
美元指数,2020-07-28,93.7996
美元指数,2020-07-28,93.7996
美元指数,2020-07-28,93.8011
美元指数,2020-07-28,93.8011
美元指数,2020-07-28,93.8016
美元指数,2020-07-28,93.8016
美元指数,2020-07-28,93.8016
美元指数,2020-07-28,93.8122
美元指数,2020-07-28,93.8122
美元指数,2020-07-28,93.8137
美元指数,2020-07-28,93.8137
美元指数,2020-07-28,93.8137
美元指数,2020-07-28,93.8165
美元指数,2020-07-28,93.8165
美元指数,2020-07-28,93.8165
美元指数,2020-07-28,93.8189
美元指数,2020-07-28,93.8189
美元指数,2020-07-28,93.8189
美元指数,2020-07-28,93.8314
美元指数,2020-07-28,93.8314
美元指数,2020-07-28,93.8343
美元指数,2020-07-28,93.8343
美元指数,2020-07-28,93.8318
美元指数,2020-07-28,93.8318
美元指数,2020-07-28,93.8221
美元指数,2020-07-28,93.8221
美元指数,2020-07-28,93.8221
美元指数,2020-07-28,93.8281
美元指数,2020-07-28,93.8281
美元指数,2020-07-28,93.8281
美元指数,2020-07-28,93.8249
美元指数,2020-07-28,93.8249
美元指数,2020-07-28,93.8249
美元指数,2020-07-28,93.8308
美元指数,2020-07-28,93.8308
美元指数,2020-07-28,93.8308
美元指数,2020-07-28,93.8308
美元指数,2020-07-28,93.8308
美元指数,2020-07-28,93.8308
美元指数,2020-07-28,93.8308
美元指数,2020-07-28,93.8308
美元指数,2020-07-28,93.8308
美元指数,2020-07-28,93.8308
美元指数,2020-07-28,93.8308
美元指数,2020-07-28,93.8263
美元指数,2020-07-28,93.8263
美元指数,2020-07-28,93.8263
美元指数,2020-07-28,93.8206
美元指数,2020-07-28,93.8206
美元指数,2020-07-28,93.8183
美元指数,2020-07-28,93.8183
美元指数,2020-07-28,93.8183
美元指数,2020-07-28,93.8177
美元指数,2020-07-28,93.8177
美元指数,2020-07-28,93.8177
美元指数,2020-07-28,93.8223
美元指数,2020-07-28,93.8223
美元指数,2020-07-28,93.8146
美元指数,2020-07-28,93.8146
美元指数,2020-07-28,93.8146
美元指数,2020-07-28,93.8216
美元指数,2020-07-28,93.8216
美元指数,2020-07-28,93.8216
美元指数,2020-07-28,93.8245
美元指数,2020-07-28,93.8245
美元指数,2020-07-28,93.8245
美元指数,2020-07-28,93.8206
美元指数,2020-07-28,93.8206
美元指数,2020-07-28,93.8206
美元指数,2020-07-28,93.8227
美元指数,2020-07-28,93.8227
美元指数,2020-07-28,93.8241
美元指数,2020-07-28,93.8241
美元指数,2020-07-28,93.8241
美元指数,2020-07-28,93.8272
美元指数,2020-07-28,93.8272
美元指数,2020-07-28,93.8272
美元指数,2020-07-28,93.8258
美元指数,2020-07-28,93.8258
美元指数,2020-07-28,93.8258
美元指数,2020-07-28,93.8259
美元指数,2020-07-28,93.8259
美元指数,2020-07-28,93.8292
美元指数,2020-07-28,93.8292
美元指数,2020-07-28,93.8292
美元指数,2020-07-28,93.8323
美元指数,2020-07-28,93.8323
美元指数,2020-07-28,93.8323
美元指数,2020-07-28,93.8259
美元指数,2020-07-28,93.8259
美元指数,2020-07-28,93.8266
美元指数,2020-07-28,93.8266
美元指数,2020-07-28,93.8266
美元指数,2020-07-28,93.8270
美元指数,2020-07-28,93.8270
美元指数,2020-07-28,93.8270
美元指数,2020-07-28,93.8223
美元指数,2020-07-28,93.8223
美元指数,2020-07-28,93.8223
美元指数,2020-07-28,93.8083
美元指数,2020-07-28,93.8083
美元指数,2020-07-28,93.8083
美元指数,2020-07-28,93.8004
美元指数,2020-07-28,93.8004
美元指数,2020-07-28,93.8006
美元指数,2020-07-28,93.8006
美元指数,2020-07-28,93.8006
美元指数,2020-07-28,93.8009
美元指数,2020-07-28,93.8009
美元指数,2020-07-28,93.8013
美元指数,2020-07-28,93.8013
美元指数,2020-07-28,93.8013
美元指数,2020-07-28,93.8067
美元指数,2020-07-28,93.8067
美元指数,2020-07-28,93.8067
美元指数,2020-07-28,93.8026
美元指数,2020-07-28,93.8026
美元指数,2020-07-28,93.8053
美元指数,2020-07-28,93.8053
美元指数,2020-07-28,93.8053
美元指数,2020-07-28,93.8080
美元指数,2020-07-28,93.8080
美元指数,2020-07-28,93.8080
美元指数,2020-07-28,93.8139
美元指数,2020-07-28,93.8139
美元指数,2020-07-28,93.8049
美元指数,2020-07-28,93.8049
美元指数,2020-07-28,93.8049
美元指数,2020-07-28,93.8078
美元指数,2020-07-28,93.8078
美元指数,2020-07-28,93.8078
美元指数,2020-07-28,93.8233
美元指数,2020-07-28,93.8233
美元指数,2020-07-28,93.8269
美元指数,2020-07-28,93.8269
美元指数,2020-07-28,93.8269
美元指数,2020-07-28,93.8240
美元指数,2020-07-28,93.8240
美元指数,2020-07-28,93.8335
美元指数,2020-07-28,93.8335
美元指数,2020-07-28,93.8335
美元指数,2020-07-28,93.8301
美元指数,2020-07-28,93.8301
美元指数,2020-07-28,93.8301
美元指数,2020-07-28,93.8310
美元指数,2020-07-28,93.8310
美元指数,2020-07-28,93.8271
美元指数,2020-07-28,93.8101
美元指数,2020-07-28,93.8068
美元指数,2020-07-28,93.8184
美元指数,2020-07-28,93.8244
美元指数,2020-07-28,93.8436
美元指数,2020-07-28,93.8391
美元指数,2020-07-28,93.8316
美元指数,2020-07-28,93.8300
美元指数,2020-07-28,93.8458
美元指数,2020-07-28,93.8530
美元指数,2020-07-28,93.8530
美元指数,2020-07-28,93.8623
美元指数,2020-07-28,93.8652
美元指数,2020-07-28,93.8620
美元指数,2020-07-28,93.8564
美元指数,2020-07-28,93.8501
美元指数,2020-07-28,93.8574
美元指数,2020-07-28,93.8535
美元指数,2020-07-28,93.8603
美元指数,2020-07-28,93.8549
美元指数,2020-07-28,93.8645
美元指数,2020-07-28,93.8732
美元指数,2020-07-28,93.8769
美元指数,2020-07-28,93.8885
美元指数,2020-07-28,93.8823
美元指数,2020-07-28,93.8894
美元指数,2020-07-28,93.8874
美元指数,2020-07-28,93.9014
美元指数,2020-07-28,93.9120
美元指数,2020-07-28,93.9219
美元指数,2020-07-28,93.9141
美元指数,2020-07-28,93.9255
美元指数,2020-07-28,93.9274
美元指数,2020-07-28,93.9329
美元指数,2020-07-28,93.9299
美元指数,2020-07-28,93.9316
美元指数,2020-07-28,93.9204
美元指数,2020-07-28,93.9224
美元指数,2020-07-28,93.9171
美元指数,2020-07-28,93.9072
美元指数,2020-07-28,93.9114
美元指数,2020-07-28,93.9073
美元指数,2020-07-28,93.9107
美元指数,2020-07-28,93.9126
美元指数,2020-07-28,93.9220
美元指数,2020-07-28,93.9127
美元指数,2020-07-28,93.9097
美元指数,2020-07-28,93.9179
美元指数,2020-07-28,93.9145
美元指数,2020-07-28,93.9150
美元指数,2020-07-28,93.9171
美元指数,2020-07-28,93.9171
美元指数,2020-07-28,93.9240
美元指数,2020-07-28,93.9354
美元指数,2020-07-28,93.9384
美元指数,2020-07-28,93.9267
美元指数,2020-07-28,93.9410
美元指数,2020-07-28,93.9420
美元指数,2020-07-28,93.9429
美元指数,2020-07-28,93.9429
美元指数,2020-07-28,93.9356
美元指数,2020-07-28,93.9273
美元指数,2020-07-28,93.9294
美元指数,2020-07-28,93.9239
美元指数,2020-07-28,93.9301
美元指数,2020-07-28,93.9228
美元指数,2020-07-28,93.9195
美元指数,2020-07-28,93.9223
美元指数,2020-07-28,93.9239
美元指数,2020-07-28,93.9407
美元指数,2020-07-28,93.9332
美元指数,2020-07-28,93.9382
美元指数,2020-07-28,93.9348
美元指数,2020-07-28,93.9349
美元指数,2020-07-28,93.9314
美元指数,2020-07-28,93.9232
美元指数,2020-07-28,93.9204
美元指数,2020-07-28,93.9115
美元指数,2020-07-28,93.9115
美元指数,2020-07-28,93.9245
美元指数,2020-07-28,93.9312
美元指数,2020-07-28,93.9258
美元指数,2020-07-28,93.9229
美元指数,2020-07-28,93.9247
美元指数,2020-07-28,93.9302
美元指数,2020-07-28,93.9303
美元指数,2020-07-28,93.9325
美元指数,2020-07-28,93.9391
美元指数,2020-07-28,93.9395
美元指数,2020-07-28,93.9451
美元指数,2020-07-28,93.9330
美元指数,2020-07-28,93.9290
美元指数,2020-07-28,93.9212
美元指数,2020-07-28,93.9160
美元指数,2020-07-28,93.9195
美元指数,2020-07-28,93.9260
美元指数,2020-07-28,93.9260
美元指数,2020-07-28,93.9204
美元指数,2020-07-28,93.9190
美元指数,2020-07-28,93.9217
美元指数,2020-07-28,93.9285
美元指数,2020-07-28,93.9285
美元指数,2020-07-28,93.9188
美元指数,2020-07-28,93.9165
美元指数,2020-07-28,93.9117
美元指数,2020-07-28,93.9123
美元指数,2020-07-28,93.9107
美元指数,2020-07-28,93.9088
美元指数,2020-07-28,93.9109
美元指数,2020-07-28,93.8924
美元指数,2020-07-28,93.8947
美元指数,2020-07-28,93.8983
美元指数,2020-07-28,93.8986
美元指数,2020-07-28,93.8994
美元指数,2020-07-28,93.8944
美元指数,2020-07-28,93.8923
美元指数,2020-07-28,93.8909
美元指数,2020-07-28,93.8923
美元指数,2020-07-28,93.8892
美元指数,2020-07-28,93.8919
美元指数,2020-07-28,93.8921
美元指数,2020-07-28,93.8982
美元指数,2020-07-28,93.8965
美元指数,2020-07-28,93.9066
美元指数,2020-07-28,93.8972
美元指数,2020-07-28,93.8970
美元指数,2020-07-28,93.9068
美元指数,2020-07-28,93.8968
美元指数,2020-07-28,93.9058
美元指数,2020-07-28,93.9205
美元指数,2020-07-28,93.9191
美元指数,2020-07-28,93.9207
美元指数,2020-07-28,93.9267
美元指数,2020-07-28,93.9239
美元指数,2020-07-28,93.9240
美元指数,2020-07-28,93.9263
美元指数,2020-07-28,93.9283
美元指数,2020-07-28,93.9199
美元指数,2020-07-28,93.9244
美元指数,2020-07-28,93.9266
美元指数,2020-07-28,93.9298
美元指数,2020-07-28,93.9298
美元指数,2020-07-28,93.9298
美元指数,2020-07-28,93.9340
美元指数,2020-07-28,93.9340
美元指数,2020-07-28,93.9266
美元指数,2020-07-28,93.9266
美元指数,2020-07-28,93.9266
美元指数,2020-07-28,93.9195
美元指数,2020-07-28,93.9195
美元指数,2020-07-28,93.9162
美元指数,2020-07-28,93.9162
美元指数,2020-07-28,93.9162
美元指数,2020-07-28,93.9135
美元指数,2020-07-28,93.9135
美元指数,2020-07-28,93.9129
美元指数,2020-07-28,93.9129
美元指数,2020-07-28,93.9129
美元指数,2020-07-28,93.9169
美元指数,2020-07-28,93.9169
美元指数,2020-07-28,93.9173
美元指数,2020-07-28,93.9173
美元指数,2020-07-28,93.9173
美元指数,2020-07-28,93.9224
美元指数,2020-07-28,93.9224
美元指数,2020-07-28,93.9219
美元指数,2020-07-28,93.9219
美元指数,2020-07-28,93.9219
美元指数,2020-07-28,93.9216
美元指数,2020-07-28,93.9216
美元指数,2020-07-28,93.9216
美元指数,2020-07-28,93.9350
美元指数,2020-07-28,93.9350
美元指数,2020-07-28,93.9393
美元指数,2020-07-28,93.9393
美元指数,2020-07-28,93.9393
美元指数,2020-07-28,93.9450
美元指数,2020-07-28,93.9450
美元指数,2020-07-28,93.9450
美元指数,2020-07-28,93.9450
美元指数,2020-07-28,93.9450
美元指数,2020-07-28,93.9450
美元指数,2020-07-28,93.9450
美元指数,2020-07-28,93.9450
美元指数,2020-07-28,93.9450
美元指数,2020-07-28,93.9450
美元指数,2020-07-28,93.9450
美元指数,2020-07-28,93.9450
美元指数,2020-07-28,93.9450
美元指数,2020-07-28,93.9450
美元指数,2020-07-28,93.9450
美元指数,2020-07-28,93.9676
美元指数,2020-07-28,93.9676
美元指数,2020-07-28,93.9663
美元指数,2020-07-28,93.9663
美元指数,2020-07-28,93.9663
美元指数,2020-07-28,93.9571
美元指数,2020-07-28,93.9571
美元指数,2020-07-28,93.9571
美元指数,2020-07-28,93.9598
美元指数,2020-07-28,93.9598
美元指数,2020-07-28,93.9598
美元指数,2020-07-28,93.9594
美元指数,2020-07-28,93.9594
美元指数,2020-07-28,93.9608
美元指数,2020-07-28,93.9608
美元指数,2020-07-28,93.9583
美元指数,2020-07-28,93.9583
美元指数,2020-07-28,93.9583
美元指数,2020-07-28,93.9480
美元指数,2020-07-28,93.9480
美元指数,2020-07-28,93.9517
美元指数,2020-07-28,93.9517
美元指数,2020-07-28,93.9517
美元指数,2020-07-28,93.9543
美元指数,2020-07-28,93.9543
美元指数,2020-07-28,93.9543
美元指数,2020-07-28,93.9538
美元指数,2020-07-28,93.9538
美元指数,2020-07-28,93.9528
美元指数,2020-07-28,93.9528
美元指数,2020-07-28,93.9528
美元指数,2020-07-28,93.9480
美元指数,2020-07-28,93.9480
美元指数,2020-07-28,93.9365
美元指数,2020-07-28,93.9365
美元指数,2020-07-28,93.9365
美元指数,2020-07-28,93.9225
美元指数,2020-07-28,93.9225
美元指数,2020-07-28,93.9261
美元指数,2020-07-28,93.9261
美元指数,2020-07-28,93.9261
美元指数,2020-07-28,93.9280
美元指数,2020-07-28,93.9280
美元指数,2020-07-28,93.9260
美元指数,2020-07-28,93.9260
美元指数,2020-07-28,93.9260
美元指数,2020-07-28,93.9272
美元指数,2020-07-28,93.9272
美元指数,2020-07-28,93.9271
美元指数,2020-07-28,93.9271
美元指数,2020-07-28,93.9271
美元指数,2020-07-28,93.9290
美元指数,2020-07-28,93.9290
美元指数,2020-07-28,93.9290
美元指数,2020-07-28,93.9291
美元指数,2020-07-28,93.9291
美元指数,2020-07-28,93.9304
美元指数,2020-07-28,93.9304
美元指数,2020-07-28,93.9314
美元指数,2020-07-28,93.9314
美元指数,2020-07-28,93.9314
美元指数,2020-07-28,93.9187
美元指数,2020-07-28,93.9187
美元指数,2020-07-28,93.9284
美元指数,2020-07-28,93.9284
美元指数,2020-07-28,93.9284
美元指数,2020-07-28,93.9284
美元指数,2020-07-28,93.9284
美元指数,2020-07-28,93.9122
美元指数,2020-07-28,93.9122
美元指数,2020-07-28,93.9100
美元指数,2020-07-28,93.9100
美元指数,2020-07-28,93.9100
美元指数,2020-07-28,93.9115
美元指数,2020-07-28,93.9115
美元指数,2020-07-28,93.9072
美元指数,2020-07-28,93.9072
美元指数,2020-07-28,93.9072
美元指数,2020-07-28,93.9086
美元指数,2020-07-28,93.9086
美元指数,2020-07-28,93.9226
美元指数,2020-07-28,93.9226
美元指数,2020-07-28,93.9226
美元指数,2020-07-28,93.9253
美元指数,2020-07-28,93.9253
美元指数,2020-07-28,93.9253
美元指数,2020-07-28,93.9253
美元指数,2020-07-28,93.9253
美元指数,2020-07-28,93.9205
美元指数,2020-07-28,93.9205
美元指数,2020-07-28,93.9205
美元指数,2020-07-28,93.9315
美元指数,2020-07-28,93.9315
美元指数,2020-07-28,93.9232
美元指数,2020-07-28,93.9232
美元指数,2020-07-28,93.9232
美元指数,2020-07-28,93.9193
美元指数,2020-07-28,93.9193
美元指数,2020-07-28,93.9193
美元指数,2020-07-28,93.9241
美元指数,2020-07-28,93.9241
美元指数,2020-07-28,93.9241
美元指数,2020-07-28,93.9264
美元指数,2020-07-28,93.9264
美元指数,2020-07-28,93.9299
美元指数,2020-07-28,93.9299
美元指数,2020-07-28,93.9299
美元指数,2020-07-28,93.9333
美元指数,2020-07-28,93.9333
美元指数,2020-07-28,93.9333
美元指数,2020-07-28,93.9373
美元指数,2020-07-28,93.9373
美元指数,2020-07-28,93.9326
美元指数,2020-07-28,93.9326
美元指数,2020-07-28,93.9326
美元指数,2020-07-28,93.9394
美元指数,2020-07-28,93.9394
美元指数,2020-07-28,93.9394
美元指数,2020-07-28,93.9379
美元指数,2020-07-28,93.9379
美元指数,2020-07-28,93.9379
美元指数,2020-07-28,93.9285
美元指数,2020-07-28,93.9285
美元指数,2020-07-28,93.9427
美元指数,2020-07-28,93.9427
美元指数,2020-07-28,93.9427
美元指数,2020-07-28,93.9406
美元指数,2020-07-28,93.9406
美元指数,2020-07-28,93.9406
美元指数,2020-07-28,93.9354
美元指数,2020-07-28,93.9354
美元指数,2020-07-28,93.9380
美元指数,2020-07-28,93.9380
美元指数,2020-07-28,93.9380
美元指数,2020-07-28,93.9338
美元指数,2020-07-28,93.9411
美元指数,2020-07-28,93.9411
美元指数,2020-07-28,93.9379
美元指数,2020-07-28,93.9379
美元指数,2020-07-28,93.9379
美元指数,2020-07-28,93.9424
美元指数,2020-07-28,93.9424
美元指数,2020-07-28,93.9424
美元指数,2020-07-28,93.9409
美元指数,2020-07-28,93.9409
美元指数,2020-07-28,93.9391
美元指数,2020-07-28,93.9391
美元指数,2020-07-28,93.9391
美元指数,2020-07-28,93.9493
美元指数,2020-07-28,93.9493
美元指数,2020-07-28,93.9493
美元指数,2020-07-28,93.9526
美元指数,2020-07-28,93.9526
美元指数,2020-07-28,93.9605
美元指数,2020-07-28,93.9605
美元指数,2020-07-28,93.9605
美元指数,2020-07-28,93.9466
美元指数,2020-07-28,93.9466
美元指数,2020-07-28,93.9791
美元指数,2020-07-28,93.9791
美元指数,2020-07-28,93.9791
美元指数,2020-07-28,93.9703
美元指数,2020-07-28,93.9703
美元指数,2020-07-28,93.9703
美元指数,2020-07-28,93.9856
美元指数,2020-07-28,93.9856
美元指数,2020-07-28,93.9745
美元指数,2020-07-28,93.9745
美元指数,2020-07-28,93.9745
美元指数,2020-07-28,93.9673
美元指数,2020-07-28,93.9673
美元指数,2020-07-28,93.9784
美元指数,2020-07-28,93.9784
美元指数,2020-07-28,93.9784
美元指数,2020-07-28,93.9837
美元指数,2020-07-28,93.9837
美元指数,2020-07-28,93.9805
美元指数,2020-07-28,93.9805
美元指数,2020-07-28,93.9894
美元指数,2020-07-28,93.9894
美元指数,2020-07-28,93.9894
美元指数,2020-07-28,94.0018
美元指数,2020-07-28,94.0018
美元指数,2020-07-28,94.0040
美元指数,2020-07-28,94.0040
美元指数,2020-07-28,94.0040
美元指数,2020-07-28,94.0038
美元指数,2020-07-28,94.0038
美元指数,2020-07-28,94.0071
美元指数,2020-07-28,94.0071
美元指数,2020-07-28,94.0092
美元指数,2020-07-28,94.0092
美元指数,2020-07-28,94.0071
美元指数,2020-07-28,94.0071
美元指数,2020-07-28,94.0071
美元指数,2020-07-28,93.9995
美元指数,2020-07-28,93.9995
美元指数,2020-07-28,94.0008
美元指数,2020-07-28,94.0008
美元指数,2020-07-28,93.9959
美元指数,2020-07-28,93.9959
美元指数,2020-07-28,93.9867
美元指数,2020-07-28,93.9867
美元指数,2020-07-28,93.9867
美元指数,2020-07-28,93.9848
美元指数,2020-07-28,93.9848
美元指数,2020-07-28,93.9620
美元指数,2020-07-28,93.9620
美元指数,2020-07-28,93.9620
美元指数,2020-07-28,93.9663
美元指数,2020-07-28,93.9663
美元指数,2020-07-28,93.9663
美元指数,2020-07-28,93.9627
美元指数,2020-07-28,93.9627
美元指数,2020-07-28,93.9574
美元指数,2020-07-28,93.9574
美元指数,2020-07-28,93.9574
美元指数,2020-07-28,93.9595
美元指数,2020-07-28,93.9595
美元指数,2020-07-28,93.9595
美元指数,2020-07-28,93.9704
美元指数,2020-07-28,93.9704
美元指数,2020-07-28,93.9578
美元指数,2020-07-28,93.9578
美元指数,2020-07-28,93.9578
美元指数,2020-07-28,93.9612
美元指数,2020-07-28,93.9612
美元指数,2020-07-28,93.9587
美元指数,2020-07-28,93.9587
美元指数,2020-07-28,93.9558
美元指数,2020-07-28,93.9558
美元指数,2020-07-28,93.9558
美元指数,2020-07-28,93.9589
美元指数,2020-07-28,93.9589
美元指数,2020-07-28,93.9589
美元指数,2020-07-28,93.9491
美元指数,2020-07-28,93.9491
美元指数,2020-07-28,93.9450
美元指数,2020-07-28,93.9450
美元指数,2020-07-28,93.9450
美元指数,2020-07-28,93.9430
美元指数,2020-07-28,93.9430
美元指数,2020-07-28,93.9434
美元指数,2020-07-28,93.9434
美元指数,2020-07-28,93.9434
美元指数,2020-07-28,93.9395
美元指数,2020-07-28,93.9395
美元指数,2020-07-28,93.9408
美元指数,2020-07-28,93.9408
美元指数,2020-07-28,93.9408
美元指数,2020-07-28,93.9426
美元指数,2020-07-28,93.9426
美元指数,2020-07-28,93.9472
美元指数,2020-07-28,93.9472
美元指数,2020-07-28,93.9472
美元指数,2020-07-28,93.9437
美元指数,2020-07-28,93.9437
美元指数,2020-07-28,93.9437
美元指数,2020-07-28,93.9544
美元指数,2020-07-28,93.9544
美元指数,2020-07-28,93.9523
美元指数,2020-07-28,93.9531
美元指数,2020-07-29,93.7504
美元指数,2020-07-29,93.7519
美元指数,2020-07-29,93.7519
美元指数,2020-07-29,93.7480
美元指数,2020-07-29,93.7480
美元指数,2020-07-29,93.7480
美元指数,2020-07-29,93.7458
美元指数,2020-07-29,93.7458
美元指数,2020-07-29,93.7458
美元指数,2020-07-29,93.7439
美元指数,2020-07-29,93.7439
美元指数,2020-07-29,93.7434
美元指数,2020-07-29,93.7434
美元指数,2020-07-29,93.7434
美元指数,2020-07-29,93.7467
美元指数,2020-07-29,93.7467
美元指数,2020-07-29,93.7467
美元指数,2020-07-29,93.7482
美元指数,2020-07-29,93.7482
美元指数,2020-07-29,93.7491
美元指数,2020-07-29,93.7491
美元指数,2020-07-29,93.7491
美元指数,2020-07-29,93.7480
美元指数,2020-07-29,93.7480
美元指数,2020-07-29,93.7480
美元指数,2020-07-29,93.7430
美元指数,2020-07-29,93.7430
美元指数,2020-07-29,93.7475
美元指数,2020-07-29,93.7475
美元指数,2020-07-29,93.7475
美元指数,2020-07-29,93.7443
美元指数,2020-07-29,93.7443
美元指数,2020-07-29,93.7443
美元指数,2020-07-29,93.7446
美元指数,2020-07-29,93.7446
美元指数,2020-07-29,93.7446
美元指数,2020-07-29,93.7446
美元指数,2020-07-29,93.7446
美元指数,2020-07-29,93.7466
美元指数,2020-07-29,93.7466
美元指数,2020-07-29,93.7466
美元指数,2020-07-29,93.7397
美元指数,2020-07-29,93.7397
美元指数,2020-07-29,93.7431
美元指数,2020-07-29,93.7431
美元指数,2020-07-29,93.7431
美元指数,2020-07-29,93.7410
美元指数,2020-07-29,93.7410
美元指数,2020-07-29,93.7410
美元指数,2020-07-29,93.7420
美元指数,2020-07-29,93.7420
美元指数,2020-07-29,93.7420
美元指数,2020-07-29,93.7489
美元指数,2020-07-29,93.7489
美元指数,2020-07-29,93.7394
美元指数,2020-07-29,93.7394
美元指数,2020-07-29,93.7394
美元指数,2020-07-29,93.7431
美元指数,2020-07-29,93.7431
美元指数,2020-07-29,93.7422
美元指数,2020-07-29,93.7422
美元指数,2020-07-29,93.7422
美元指数,2020-07-29,93.7369
美元指数,2020-07-29,93.7369
美元指数,2020-07-29,93.7369
美元指数,2020-07-29,93.7388
美元指数,2020-07-29,93.7388
美元指数,2020-07-29,93.7358
美元指数,2020-07-29,93.7358
美元指数,2020-07-29,93.7358
美元指数,2020-07-29,93.7450
美元指数,2020-07-29,93.7442
美元指数,2020-07-29,93.7442
美元指数,2020-07-29,93.7446
美元指数,2020-07-29,93.7446
美元指数,2020-07-29,93.7446
美元指数,2020-07-29,93.7438
美元指数,2020-07-29,93.7438
美元指数,2020-07-29,93.7452
美元指数,2020-07-29,93.7452
美元指数,2020-07-29,93.7374
美元指数,2020-07-29,93.7395
美元指数,2020-07-29,93.7395
美元指数,2020-07-29,93.7366
美元指数,2020-07-29,93.7406
美元指数,2020-07-29,93.7406
美元指数,2020-07-29,93.7424
美元指数,2020-07-29,93.7424
美元指数,2020-07-29,93.7424
美元指数,2020-07-29,93.7442
美元指数,2020-07-29,93.7442
美元指数,2020-07-29,93.7428
美元指数,2020-07-29,93.7462
美元指数,2020-07-29,93.7422
美元指数,2020-07-29,93.7422
美元指数,2020-07-29,93.7465
美元指数,2020-07-29,93.7465
美元指数,2020-07-29,93.7465
美元指数,2020-07-29,93.7419
美元指数,2020-07-29,93.7419
美元指数,2020-07-29,93.7419
美元指数,2020-07-29,93.7400
美元指数,2020-07-29,93.7440
美元指数,2020-07-29,93.7440
美元指数,2020-07-29,93.7387
美元指数,2020-07-29,93.7387
美元指数,2020-07-29,93.7397
美元指数,2020-07-29,93.7397
美元指数,2020-07-29,93.7400
美元指数,2020-07-29,93.7400
美元指数,2020-07-29,93.7400
美元指数,2020-07-29,93.7375
美元指数,2020-07-29,93.7375
美元指数,2020-07-29,93.7371
美元指数,2020-07-29,93.7371
美元指数,2020-07-29,93.7371
美元指数,2020-07-29,93.7392
美元指数,2020-07-29,93.7392
美元指数,2020-07-29,93.7424
美元指数,2020-07-29,93.7424
美元指数,2020-07-29,93.7424
美元指数,2020-07-29,93.7344
美元指数,2020-07-29,93.7344
美元指数,2020-07-29,93.7344
美元指数,2020-07-29,93.7385
美元指数,2020-07-29,93.7385
美元指数,2020-07-29,93.7365
美元指数,2020-07-29,93.7365
美元指数,2020-07-29,93.7365
美元指数,2020-07-29,93.7338
美元指数,2020-07-29,93.7338
美元指数,2020-07-29,93.7338
美元指数,2020-07-29,93.7365
美元指数,2020-07-29,93.7365
美元指数,2020-07-29,93.7365
美元指数,2020-07-29,93.7341
美元指数,2020-07-29,93.7341
美元指数,2020-07-29,93.7346
美元指数,2020-07-29,93.7346
美元指数,2020-07-29,93.7346
美元指数,2020-07-29,93.7344
美元指数,2020-07-29,93.7344
美元指数,2020-07-29,93.7344
美元指数,2020-07-29,93.7403
美元指数,2020-07-29,93.7403
美元指数,2020-07-29,93.7307
美元指数,2020-07-29,93.7307
美元指数,2020-07-29,93.7307
美元指数,2020-07-29,93.7370
美元指数,2020-07-29,93.7370
美元指数,2020-07-29,93.7370
美元指数,2020-07-29,93.7328
美元指数,2020-07-29,93.7328
美元指数,2020-07-29,93.7302
美元指数,2020-07-29,93.7302
美元指数,2020-07-29,93.7302
美元指数,2020-07-29,93.7309
美元指数,2020-07-29,93.7309
美元指数,2020-07-29,93.7309
美元指数,2020-07-29,93.7374
美元指数,2020-07-29,93.7374
美元指数,2020-07-29,93.7343
美元指数,2020-07-29,93.7343
美元指数,2020-07-29,93.7343
美元指数,2020-07-29,93.7412
美元指数,2020-07-29,93.7412
美元指数,2020-07-29,93.7402
美元指数,2020-07-29,93.7402
美元指数,2020-07-29,93.7402
美元指数,2020-07-29,93.7408
美元指数,2020-07-29,93.7408
美元指数,2020-07-29,93.7408
美元指数,2020-07-29,93.7492
美元指数,2020-07-29,93.7492
美元指数,2020-07-29,93.7465
美元指数,2020-07-29,93.7465
美元指数,2020-07-29,93.7465
美元指数,2020-07-29,93.7426
美元指数,2020-07-29,93.7426
美元指数,2020-07-29,93.7426
美元指数,2020-07-29,93.7368
美元指数,2020-07-29,93.7368
美元指数,2020-07-29,93.7368
美元指数,2020-07-29,93.7356
美元指数,2020-07-29,93.7356
美元指数,2020-07-29,93.7427
美元指数,2020-07-29,93.7427
美元指数,2020-07-29,93.7427
美元指数,2020-07-29,93.7306
美元指数,2020-07-29,93.7306
美元指数,2020-07-29,93.7306
美元指数,2020-07-29,93.7407
美元指数,2020-07-29,93.7407
美元指数,2020-07-29,93.7352
美元指数,2020-07-29,93.7352
美元指数,2020-07-29,93.7352
美元指数,2020-07-29,93.7354
美元指数,2020-07-29,93.7354
美元指数,2020-07-29,93.7332
美元指数,2020-07-29,93.7332
美元指数,2020-07-29,93.7332
美元指数,2020-07-29,93.7428
美元指数,2020-07-29,93.7428
美元指数,2020-07-29,93.7441
美元指数,2020-07-29,93.7441
美元指数,2020-07-29,93.7441
