2020-07-29,10:06:26,93.7378
2020-07-29,10:06:38,93.7410
2020-07-29,10:06:57,93.7425
2020-07-29,10:07:08,93.7382
2020-07-29,10:07:18,93.7400
2020-07-29,10:07:28,93.7408
2020-07-29,10:07:38,93.7379
2020-07-29,10:07:47,93.7380
2020-07-29,10:07:59,93.7399
2020-07-29,10:08:08,93.7437
2020-07-29,10:08:19,93.7483
2020-07-29,10:08:29,93.7507
2020-07-29,10:08:38,93.7466
2020-07-29,10:08:59,93.7450
2020-07-29,10:09:09,93.7553
2020-07-29,10:09:20,93.7530
2020-07-29,10:09:29,93.7521
2020-07-29,10:09:38,93.7490
2020-07-29,10:09:49,93.7510
2020-07-29,10:09:59,93.7418
2020-07-29,10:10:09,93.7547
2020-07-29,10:10:19,93.7494
2020-07-29,10:10:29,93.7461
2020-07-29,10:10:38,93.7399
2020-07-29,10:10:49,93.7425
2020-07-29,10:10:58,93.7488
2020-07-29,10:11:20,93.7487
2020-07-29,10:11:29,93.7486
2020-07-29,10:11:38,93.7440
2020-07-29,10:11:49,93.7507
2020-07-29,10:12:01,93.7448
2020-07-29,10:12:10,93.7451
2020-07-29,10:12:20,93.7514
2020-07-29,10:12:29,93.7446
2020-07-29,10:12:37,93.7427
2020-07-29,10:12:51,93.7450
2020-07-29,10:12:59,93.7412
2020-07-29,10:13:10,93.7406
2020-07-29,10:13:21,93.7392
2020-07-29,10:13:31,93.7400
2020-07-29,10:13:40,93.7476
2020-07-29,10:13:49,93.7452
2020-07-29,10:14:09,93.7481
2020-07-29,10:14:20,93.7474
2020-07-29,10:14:25,93.7455
2020-07-29,10:14:39,93.7469
2020-07-29,10:14:49,93.7451
2020-07-29,10:15:00,93.7449
2020-07-29,10:15:09,93.7425
2020-07-29,10:15:20,93.7460
2020-07-29,10:15:31,93.7434
2020-07-29,10:15:41,93.7488
2020-07-29,10:15:51,93.7466
2020-07-29,10:16:00,93.7389
2020-07-29,10:16:12,93.7439
2020-07-29,10:16:22,93.7504
2020-07-29,10:16:32,93.7410
2020-07-29,10:16:51,93.7395
2020-07-29,10:17:01,93.7372
2020-07-29,10:17:11,93.7370
2020-07-29,10:17:21,93.7347
2020-07-29,10:17:31,93.7370
2020-07-29,10:17:41,93.7360
2020-07-29,10:17:51,93.7401
2020-07-29,10:18:01,93.7365
2020-07-29,10:18:11,93.7421
2020-07-29,10:18:21,93.7421
2020-07-29,10:18:31,93.7386
2020-07-29,10:18:43,93.7422
2020-07-29,10:18:51,93.7444
2020-07-29,10:19:02,93.7413
2020-07-29,10:19:13,93.7371
2020-07-29,10:19:32,93.7415
2020-07-29,10:19:42,93.7407
2020-07-29,10:19:52,93.7356
2020-07-29,10:20:02,93.7388
2020-07-29,10:20:11,93.7366
2020-07-29,10:20:22,93.7373
2020-07-29,10:20:32,93.7341
2020-07-29,10:20:42,93.7349
2020-07-29,10:20:52,93.7381
2020-07-29,10:21:02,93.7409
2020-07-29,10:21:13,93.7464
2020-07-29,10:21:22,93.7520
2020-07-29,10:21:42,93.7324
2020-07-29,10:21:53,93.7323
2020-07-29,10:22:02,93.7340
2020-07-29,10:22:13,93.7328
2020-07-29,10:22:23,93.7339
2020-07-29,10:22:33,93.7306
2020-07-29,10:22:43,93.7317
2020-07-29,10:22:54,93.7358
2020-07-29,10:23:03,93.7386
2020-07-29,10:23:13,93.7416
2020-07-29,10:23:23,93.7418
2020-07-29,10:23:34,93.7373
2020-07-29,10:23:53,93.7428
2020-07-29,10:24:04,93.7450
2020-07-29,10:24:13,93.7415
2020-07-29,10:24:23,93.7419
2020-07-29,10:24:33,93.7438
2020-07-29,10:24:44,93.7445
2020-07-29,10:24:53,93.7410
2020-07-29,10:25:04,93.7422
2020-07-29,10:25:13,93.7398
2020-07-29,10:25:24,93.7448
2020-07-29,10:25:35,93.7418
2020-07-29,10:25:44,93.7456
2020-07-29,10:25:55,93.7365
2020-07-29,10:26:05,93.7432
2020-07-29,10:26:24,93.7444
2020-07-29,10:26:34,93.7449
2020-07-29,10:26:44,93.7421
2020-07-29,10:26:55,93.7401
2020-07-29,10:27:05,93.7400
2020-07-29,10:27:15,93.7451
2020-07-29,10:27:24,93.7445
2020-07-29,10:27:34,93.7416
2020-07-29,10:27:45,93.7556
2020-07-29,10:28:05,93.7491
2020-07-29,10:28:15,93.7453
2020-07-29,10:28:23,93.7497
2020-07-29,10:28:35,93.7449
2020-07-29,10:28:46,93.7434
2020-07-29,10:28:55,93.7484
2020-07-29,10:29:05,93.7435
2020-07-29,10:29:16,93.7424
2020-07-29,10:29:26,93.7446
2020-07-29,10:29:44,93.7355
2020-07-29,10:29:55,93.7347
2020-07-29,10:30:02,93.7439
2020-07-29,10:30:15,93.7411
2020-07-29,10:30:25,93.7431
2020-07-29,10:30:36,93.7420
2020-07-29,10:30:46,93.7344
2020-07-29,10:31:05,93.7380
2020-07-29,10:31:15,93.7315
2020-07-29,10:31:26,93.7366
2020-07-29,10:31:36,93.7267
2020-07-29,10:31:45,93.7317
2020-07-29,10:31:56,93.7292
2020-07-29,10:32:06,93.7330
2020-07-29,10:32:56,93.7273
2020-07-29,10:33:16,93.7297
2020-07-29,10:33:26,93.7284
2020-07-29,10:33:33,93.7311
2020-07-29,10:33:55,93.7274
2020-07-29,10:34:06,93.7312
2020-07-29,10:34:17,93.7310
2020-07-29,10:34:27,93.7293
2020-07-29,10:34:37,93.7314
2020-07-29,10:34:47,93.7277
2020-07-29,10:34:57,93.7323
2020-07-29,10:35:07,93.7156
2020-07-29,10:35:17,93.7168
2020-07-29,10:35:28,93.7218
2020-07-29,10:35:38,93.7227
2020-07-29,10:35:46,93.7288
2020-07-29,10:35:58,93.7245
2020-07-29,10:36:17,93.7273
2020-07-29,10:36:28,93.7200
2020-07-29,10:36:38,93.7160
2020-07-29,10:36:48,93.7211
2020-07-29,10:36:57,93.7153
2020-07-29,10:37:08,93.7218
2020-07-29,10:37:18,93.7221
2020-07-29,10:37:27,93.7202
2020-07-29,10:37:38,93.7165
2020-07-29,10:37:58,93.7225
2020-07-29,10:38:07,93.7250
2020-07-29,10:38:17,93.7260
2020-07-29,10:38:28,93.7195
2020-07-29,10:38:37,93.7289
2020-07-29,10:38:48,93.7244
2020-07-29,10:38:59,93.7235
2020-07-29,10:39:09,93.7271
2020-07-29,10:39:19,93.7272
2020-07-29,10:39:29,93.7251
2020-07-29,10:39:39,93.7233
2020-07-29,10:39:59,93.7179
2020-07-29,10:40:09,93.7220
2020-07-29,10:40:19,93.7251
2020-07-29,10:40:25,93.7220
2020-07-29,10:40:39,93.7266
2020-07-29,10:40:48,93.7251
2020-07-29,10:40:59,93.7204
2020-07-29,10:41:09,93.7233
2020-07-29,10:41:29,93.7247
2020-07-29,10:42:09,93.7186
2020-07-29,10:42:20,93.7113
2020-07-29,10:42:30,93.7179
2020-07-29,10:42:40,93.7173
2020-07-29,10:42:50,93.7168
2020-07-29,10:43:00,93.7156
2020-07-29,10:43:10,93.7148
2020-07-29,10:43:20,93.7202
2020-07-29,10:43:30,93.7192
2020-07-29,10:43:40,93.7156
2020-07-29,10:44:00,93.7145
2020-07-29,10:44:10,93.7156
2020-07-29,10:44:20,93.7198
2020-07-29,10:44:30,93.7141
2020-07-29,10:44:39,93.7231
2020-07-29,10:44:59,93.7191
2020-07-29,10:45:09,93.7118
2020-07-29,10:45:19,93.7209
2020-07-29,10:45:41,93.7126
2020-07-29,10:45:51,93.7118
2020-07-29,10:46:01,93.7132
2020-07-29,10:46:11,93.7088
2020-07-29,10:46:21,93.7068
2020-07-29,10:46:31,93.7106
2020-07-29,10:46:40,93.7060
2020-07-29,10:46:50,93.7065
2020-07-29,10:47:07,93.7061
2020-07-29,10:47:17,93.7098
2020-07-29,10:47:26,93.7045
2020-07-29,10:47:35,93.7037
2020-07-29,10:47:46,93.7010
2020-07-29,10:47:56,93.6998
2020-07-29,10:48:07,93.6976
2020-07-29,10:48:17,93.6972
2020-07-29,10:48:27,93.7100
2020-07-29,10:48:37,93.7063
2020-07-29,10:48:47,93.7030
2020-07-29,10:48:57,93.7021
2020-07-29,10:49:16,93.7026
2020-07-29,10:49:26,93.7068
2020-07-29,10:49:35,93.7030
2020-07-29,10:49:47,93.7014
2020-07-29,10:49:57,93.7000
2020-07-29,10:50:10,93.7005
2020-07-29,10:50:30,93.7023
2020-07-29,10:50:50,93.7026
2020-07-29,10:50:59,93.7056
2020-07-29,10:51:10,93.7054
2020-07-29,10:51:20,93.7052
2020-07-29,10:51:30,93.7048
2020-07-29,10:51:40,93.7068
2020-07-29,10:51:50,93.7049
2020-07-29,10:51:59,93.7004
2020-07-29,10:52:10,93.7019
2020-07-29,10:52:20,93.7039
2020-07-29,10:52:30,93.7062
2020-07-29,10:52:39,93.7132
2020-07-29,10:53:00,93.7144
2020-07-29,10:53:10,93.7239
2020-07-29,10:53:20,93.7234
2020-07-29,10:53:31,93.7235
2020-07-29,10:53:40,93.7185
2020-07-29,10:53:50,93.7150
2020-07-29,10:54:00,93.7129
2020-07-29,10:54:09,93.7196
2020-07-29,10:54:20,93.7079
2020-07-29,10:54:30,93.7138
2020-07-29,10:54:40,93.7053
2020-07-29,10:54:50,93.7060
2020-07-29,10:55:00,93.7009
2020-07-29,10:55:10,93.6973
2020-07-29,10:55:20,93.7058
2020-07-29,10:55:40,93.7080
2020-07-29,10:55:50,93.7039
2020-07-29,10:56:00,93.7080
2020-07-29,10:56:11,93.7077
2020-07-29,10:56:20,93.7097
2020-07-29,10:56:31,93.7117
2020-07-29,10:56:41,93.7081
2020-07-29,10:56:51,93.7088
2020-07-29,10:57:01,93.7032
2020-07-29,10:57:11,93.7086
2020-07-29,10:57:22,93.7007
2020-07-29,10:57:32,93.7032
2020-07-29,10:57:41,93.7005
2020-07-29,10:57:49,93.7023
2020-07-29,10:58:01,93.6996
2020-07-29,10:58:12,93.7015
2020-07-29,10:58:31,93.7085
2020-07-29,10:58:41,93.7070
2020-07-29,10:58:52,93.7095
2020-07-29,10:59:01,93.7065
2020-07-29,10:59:11,93.7115
2020-07-29,10:59:22,93.7057
2020-07-29,10:59:31,93.7031
2020-07-29,10:59:42,93.7051
2020-07-29,10:59:51,93.7080
2020-07-29,11:00:02,93.7033
2020-07-29,11:00:12,93.6995
2020-07-29,11:00:22,93.7023
2020-07-29,11:00:33,93.6972
2020-07-29,11:00:42,93.6974
2020-07-29,11:00:53,93.6937
2020-07-29,11:01:03,93.7018
2020-07-29,11:01:22,93.7056
2020-07-29,11:01:33,93.6988
2020-07-29,11:01:52,93.7028
2020-07-29,11:02:03,93.7042
2020-07-29,11:02:12,93.7043
2020-07-29,11:02:22,93.7125
2020-07-29,11:02:32,93.7089
2020-07-29,11:02:42,93.7130
2020-07-29,11:02:52,93.7111
2020-07-29,11:03:03,93.7054
2020-07-29,11:03:13,93.7037
2020-07-29,11:03:24,93.6993
2020-07-29,11:03:34,93.6959
2020-07-29,11:04:24,93.6963
2020-07-29,11:04:34,93.6954
2020-07-29,11:04:36,93.6997
2020-07-29,11:04:53,93.6961
2020-07-29,11:05:04,93.6909
2020-07-29,11:05:14,93.6894
2020-07-29,11:05:24,93.6874
2020-07-29,11:05:34,93.6886
2020-07-29,11:05:43,93.6937
2020-07-29,11:06:03,93.6940
2020-07-29,11:06:13,93.6963
2020-07-29,11:06:23,93.6970
2020-07-29,11:06:33,93.6954
2020-07-29,11:06:44,93.6960
2020-07-29,11:06:55,93.7039
2020-07-29,11:07:04,93.6949
2020-07-29,11:07:14,93.6949
2020-07-29,11:07:24,93.6923
2020-07-29,11:07:34,93.6916
2020-07-29,11:07:45,93.6929
2020-07-29,11:07:55,93.6914
2020-07-29,11:08:04,93.6916
2020-07-29,11:08:15,93.6897
2020-07-29,11:08:23,93.6996
2020-07-29,11:08:35,93.6962
2020-07-29,11:08:45,93.6988
2020-07-29,11:09:04,93.6932
2020-07-29,11:09:15,93.7007
2020-07-29,11:09:25,93.6966
2020-07-29,11:09:35,93.6961
2020-07-29,11:09:45,93.7029
2020-07-29,11:09:55,93.7008
2020-07-29,11:10:05,93.7004
2020-07-29,11:10:16,93.7038
2020-07-29,11:10:24,93.7016
2020-07-29,11:10:36,93.7000
2020-07-29,11:10:45,93.7026
2020-07-29,11:10:54,93.7020
2020-07-29,11:11:06,93.7041
2020-07-29,11:11:16,93.7005
2020-07-29,11:11:25,93.7054
2020-07-29,11:11:36,93.7079
2020-07-29,11:11:46,93.7014
2020-07-29,11:11:56,93.7024
2020-07-29,11:12:06,93.7047
2020-07-29,11:12:16,93.7076
2020-07-29,11:12:36,93.7036
2020-07-29,11:12:46,93.7008
2020-07-29,11:12:55,93.7013
2020-07-29,11:13:05,93.6991
2020-07-29,11:13:16,93.7012
2020-07-29,11:13:27,93.7048
2020-07-29,11:13:37,93.7041
2020-07-29,11:13:47,93.7001
2020-07-29,11:13:57,93.6993
2020-07-29,11:14:07,93.6979
2020-07-29,11:14:17,93.6974
2020-07-29,11:14:27,93.6951
2020-07-29,11:14:37,93.6977
2020-07-29,11:14:45,93.6996
2020-07-29,11:14:57,93.6955
2020-07-29,11:15:07,93.6924
2020-07-29,11:15:17,93.6935
2020-07-29,11:15:37,93.6860
2020-07-29,11:15:47,93.6877
2020-07-29,11:15:56,93.6878
2020-07-29,11:16:07,93.6807
2020-07-29,11:16:16,93.6811
2020-07-29,11:16:26,93.6901
2020-07-29,11:16:36,93.6846
2020-07-29,11:16:48,93.6859
2020-07-29,11:16:58,93.6872
2020-07-29,11:17:08,93.6809
2020-07-29,11:17:18,93.6916
2020-07-29,11:17:28,93.6848
2020-07-29,11:17:38,93.6855
2020-07-29,11:17:48,93.6883
2020-07-29,11:17:58,93.6893
2020-07-29,11:18:08,93.6928
2020-07-29,11:18:17,93.6934
2020-07-29,11:18:28,93.6864
2020-07-29,11:18:48,93.6871
2020-07-29,11:18:57,93.6860
2020-07-29,11:19:08,93.6907
2020-07-29,11:19:18,93.6864
2020-07-29,11:19:28,93.6874
2020-07-29,11:19:38,93.6851
2020-07-29,11:19:47,93.6863
2020-07-29,11:19:57,93.6848
2020-07-29,11:20:09,93.6809
2020-07-29,11:20:19,93.6856
2020-07-29,11:20:25,93.6831
2020-07-29,11:20:39,93.6855
2020-07-29,11:20:48,93.6823
2020-07-29,11:20:58,93.6752
2020-07-29,11:21:09,93.6781
2020-07-29,11:21:19,93.6844
2020-07-29,11:21:28,93.6807
2020-07-29,11:21:48,93.6829
2020-07-29,11:21:58,93.6816
2020-07-29,11:22:08,93.6819
2020-07-29,11:22:19,93.6840
2020-07-29,11:22:29,93.6836
2020-07-29,11:22:39,93.6813
2020-07-29,11:22:49,93.6820
2020-07-29,11:23:00,93.6835
2020-07-29,11:23:10,93.6849
2020-07-29,11:23:19,93.6807
2020-07-29,11:23:30,93.6835
2020-07-29,11:23:40,93.6814
2020-07-29,11:23:49,93.6836
2020-07-29,11:23:59,93.6784
2020-07-29,11:24:10,93.6782
2020-07-29,11:24:19,93.6767
2020-07-29,11:24:29,93.6751
2020-07-29,11:24:40,93.6722
2020-07-29,11:24:50,93.6697
2020-07-29,11:25:11,93.6775
2020-07-29,11:25:19,93.6808
2020-07-29,11:25:30,93.6866
2020-07-29,11:25:41,93.6808
2020-07-29,11:25:51,93.6793
2020-07-29,11:25:59,93.6856
2020-07-29,11:26:09,93.6824
2020-07-29,11:26:20,93.6777
2020-07-29,11:26:30,93.6773
2020-07-29,11:26:40,93.6842
2020-07-29,11:26:52,93.6866
2020-07-29,11:27:01,93.6836
2020-07-29,11:27:12,93.6889
2020-07-29,11:27:31,93.6843
2020-07-29,11:27:41,93.6855
2020-07-29,11:27:51,93.6855
2020-07-29,11:28:01,93.6891
2020-07-29,11:28:02,93.6861
2020-07-29,11:28:16,93.6857
2020-07-29,11:28:31,93.6784
2020-07-29,11:28:40,93.6820
2020-07-29,11:28:51,93.6788
2020-07-29,11:29:01,93.6856
2020-07-29,11:29:11,93.6848
2020-07-29,11:29:30,93.6812
2020-07-29,11:29:41,93.6848
2020-07-29,11:29:51,93.6894
2020-07-29,11:30:01,93.6833
2020-07-29,11:30:13,93.6785
2020-07-29,11:30:23,93.6767
2020-07-29,11:30:33,93.6771
2020-07-29,11:30:39,93.6747
2020-07-29,11:30:52,93.6793
2020-07-29,11:31:02,93.6744
2020-07-29,11:31:12,93.6706
2020-07-29,11:31:22,93.6802
2020-07-29,11:31:42,93.6786
2020-07-29,11:31:52,93.6796
2020-07-29,11:32:02,93.6906
2020-07-29,11:32:12,93.6883
2020-07-29,11:32:22,93.6869
2020-07-29,11:32:32,93.6881
2020-07-29,11:32:42,93.6858
2020-07-29,11:32:51,93.6865
2020-07-29,11:33:02,93.6814
2020-07-29,11:33:12,93.6891
2020-07-29,11:33:22,93.6879
2020-07-29,11:33:34,93.6842
2020-07-29,11:33:44,93.6858
2020-07-29,11:33:53,93.6854
2020-07-29,11:34:13,93.6879
2020-07-29,11:34:22,93.6865
2020-07-29,11:34:33,93.6885
2020-07-29,11:34:43,93.6908
2020-07-29,11:34:53,93.6886
2020-07-29,11:35:03,93.6916
2020-07-29,11:35:13,93.6859
2020-07-29,11:35:23,93.6832
2020-07-29,11:35:33,93.6857
2020-07-29,11:35:43,93.6897
2020-07-29,11:36:03,93.6901
2020-07-29,11:36:13,93.6902
2020-07-29,11:36:24,93.6958
2020-07-29,11:36:33,93.6918
2020-07-29,11:36:43,93.6924
2020-07-29,11:36:54,93.6966
2020-07-29,11:37:04,93.6924
2020-07-29,11:37:14,93.6954
2020-07-29,11:37:24,93.7005
2020-07-29,11:37:34,93.6928
2020-07-29,11:37:44,93.6951
2020-07-29,11:37:54,93.6931
2020-07-29,11:38:02,93.6926
2020-07-29,11:38:14,93.6873
2020-07-29,11:38:24,93.7004
2020-07-29,11:38:44,93.6966
2020-07-29,11:38:55,93.7020
2020-07-29,11:39:05,93.7039
2020-07-29,11:39:15,93.6997
2020-07-29,11:39:25,93.7009
2020-07-29,11:39:34,93.7031
2020-07-29,11:39:44,93.6975
2020-07-29,11:40:04,93.6986
2020-07-29,11:40:15,93.6966
2020-07-29,11:40:24,93.6973
2020-07-29,11:40:35,93.6983
2020-07-29,11:40:46,93.6974
2020-07-29,11:40:56,93.7031
2020-07-29,11:41:06,93.7062
2020-07-29,11:41:15,93.7042
2020-07-29,11:41:25,93.7139
2020-07-29,11:41:36,93.7127
2020-07-29,11:41:46,93.7122
2020-07-29,11:41:56,93.7128
2020-07-29,11:42:16,93.7109
2020-07-29,11:42:26,93.7064
2020-07-29,11:42:36,93.7057
2020-07-29,11:42:46,93.7025
2020-07-29,11:42:55,93.7074
2020-07-29,11:43:06,93.7024
2020-07-29,11:43:16,93.6853
2020-07-29,11:43:25,93.6920
2020-07-29,11:43:46,93.6969
2020-07-29,11:43:57,93.6914
2020-07-29,11:44:07,93.6934
2020-07-29,11:44:17,93.6910
2020-07-29,11:44:27,93.6969
2020-07-29,11:44:36,93.6930
2020-07-29,11:44:46,93.6940
2020-07-29,11:44:57,93.6963
2020-07-29,11:45:06,93.6919
2020-07-29,11:45:17,93.6944
2020-07-29,11:45:26,93.6960
2020-07-29,11:45:35,93.6972
2020-07-29,11:45:56,93.6962
2020-07-29,11:46:06,93.6993
2020-07-29,11:46:16,93.6932
2020-07-29,11:46:26,93.6992
2020-07-29,11:46:36,93.6990
2020-07-29,11:46:47,93.7004
2020-07-29,11:46:57,93.6942
2020-07-29,11:47:08,93.6980
2020-07-29,11:47:17,93.6942
2020-07-29,11:47:28,93.6935
2020-07-29,11:47:38,93.6972
2020-07-29,11:47:47,93.6987
2020-07-29,11:47:58,93.6932
2020-07-29,11:48:07,93.6893
2020-07-29,11:48:17,93.6937
2020-07-29,11:48:38,93.6877
2020-07-29,11:48:48,93.6876
2020-07-29,11:48:58,93.6889
2020-07-29,11:49:06,93.6823
2020-07-29,11:49:18,93.6794
2020-07-29,11:49:27,93.6785
2020-07-29,11:49:37,93.6823
2020-07-29,11:49:48,93.6827
2020-07-29,11:49:58,93.6813
2020-07-29,11:50:08,93.6797
2020-07-29,11:50:18,93.6809
2020-07-29,11:50:28,93.6809
2020-07-29,11:50:39,93.6778
2020-07-29,11:50:49,93.6807
2020-07-29,11:50:59,93.6818
2020-07-29,11:51:19,93.6772
2020-07-29,11:51:28,93.6791
2020-07-29,11:51:38,93.6755
2020-07-29,11:51:48,93.6771
2020-07-29,11:51:59,93.6709
2020-07-29,11:52:09,93.6686
2020-07-29,11:52:19,93.6770
2020-07-29,11:52:29,93.6775
2020-07-29,11:52:38,93.6801
2020-07-29,11:52:49,93.6831
2020-07-29,11:52:59,93.6796
2020-07-29,11:53:09,93.6895
2020-07-29,11:53:19,93.6860
2020-07-29,11:53:28,93.6915
2020-07-29,11:53:40,93.7024
2020-07-29,11:53:50,93.6941
2020-07-29,11:54:00,93.6934
2020-07-29,11:54:10,93.6943
2020-07-29,11:54:30,93.6945
2020-07-29,11:54:40,93.6930
2020-07-29,11:54:50,93.6981
2020-07-29,11:55:00,93.6980
2020-07-29,11:55:07,93.6991
2020-07-29,11:55:20,93.6905
2020-07-29,11:55:30,93.6851
2020-07-29,11:55:40,93.6889
2020-07-29,11:55:50,93.6877
2020-07-29,11:55:59,93.6925
2020-07-29,11:56:10,93.6977
2020-07-29,11:56:30,93.7037
2020-07-29,11:56:40,93.7023
2020-07-29,11:56:50,93.6959
2020-07-29,11:57:01,93.6965
2020-07-29,11:57:11,93.7121
2020-07-29,11:57:21,93.7146
2020-07-29,11:57:31,93.7235
2020-07-29,11:57:41,93.7177
2020-07-29,11:57:51,93.7145
2020-07-29,11:58:01,93.7184
2020-07-29,11:58:11,93.7080
2020-07-29,11:58:20,93.7114
2020-07-29,11:58:41,93.7011
2020-07-29,11:58:51,93.7154
2020-07-29,11:59:00,93.7092
2020-07-29,11:59:11,93.7088
2020-07-29,11:59:20,93.7090
2020-07-29,11:59:31,93.6999
2020-07-29,11:59:40,93.7038
2020-07-29,11:59:50,93.7098
2020-07-29,12:00:01,93.6989
2020-07-29,12:00:11,93.6951
2020-07-29,12:00:32,93.6964
2020-07-29,12:00:42,93.6935
2020-07-29,12:00:52,93.6948
2020-07-29,12:01:02,93.6997
2020-07-29,12:01:11,93.7006
2020-07-29,12:01:22,93.7018
2020-07-29,12:01:32,93.7036
2020-07-29,12:01:41,93.7006
2020-07-29,12:02:01,93.7015
2020-07-29,12:02:11,93.7013
2020-07-29,12:02:21,93.6994
2020-07-29,12:02:32,93.7058
2020-07-29,12:02:42,93.7005
2020-07-29,12:02:52,93.6988
2020-07-29,12:03:02,93.6979
2020-07-29,12:03:13,93.6986
2020-07-29,12:03:32,93.6974
2020-07-29,12:03:43,93.6966
2020-07-29,12:03:53,93.6973
2020-07-29,12:04:02,93.6996
2020-07-29,12:04:12,93.6974
2020-07-29,12:04:33,93.6952
2020-07-29,12:04:43,93.6928
2020-07-29,12:04:53,93.6943
2020-07-29,12:05:03,93.6891
2020-07-29,12:05:14,93.6895
2020-07-29,12:05:24,93.6831
2020-07-29,12:05:34,93.6896
2020-07-29,12:05:44,93.6891
2020-07-29,12:05:53,93.6934
2020-07-29,12:06:03,93.6900
2020-07-29,12:06:13,93.6902
2020-07-29,12:06:24,93.6994
2020-07-29,12:06:33,93.6933
2020-07-29,12:06:43,93.6871
2020-07-29,12:06:53,93.6932
2020-07-29,12:07:04,93.6891
2020-07-29,12:07:24,93.6861
2020-07-29,12:07:34,93.6843
2020-07-29,12:07:45,93.6840
2020-07-29,12:07:55,93.6796
2020-07-29,12:08:05,93.6798
2020-07-29,12:08:15,93.6903
2020-07-29,12:08:24,93.6847
2020-07-29,12:08:34,93.6856
2020-07-29,12:08:45,93.6834
2020-07-29,12:08:53,93.6828
2020-07-29,12:09:04,93.6772
2020-07-29,12:09:14,93.6819
2020-07-29,12:09:24,93.6745
2020-07-29,12:09:34,93.6723
2020-07-29,12:09:44,93.6759
2020-07-29,12:09:54,93.6738
2020-07-29,12:10:04,93.6744
2020-07-29,12:10:14,93.6693
2020-07-29,12:10:26,93.6766
2020-07-29,12:10:45,93.6792
2020-07-29,12:10:55,93.6810
2020-07-29,12:11:05,93.6803
2020-07-29,12:11:16,93.6794
2020-07-29,12:11:26,93.6828
2020-07-29,12:11:36,93.6755
2020-07-29,12:11:45,93.6806
2020-07-29,12:11:55,93.6772
2020-07-29,12:12:05,93.6809
2020-07-29,12:12:14,93.6774
2020-07-29,12:12:25,93.6812
2020-07-29,12:12:35,93.6805
2020-07-29,12:12:45,93.6776
2020-07-29,12:12:55,93.6820
2020-07-29,12:13:05,93.6775
2020-07-29,12:13:14,93.6797
2020-07-29,12:13:35,93.6856
2020-07-29,12:13:35,93.6856
2020-07-29,12:13:46,93.6784
2020-07-29,12:14:06,93.6803
2020-07-29,12:14:16,93.6845
2020-07-29,12:14:26,93.6789
2020-07-29,12:14:36,93.6811
2020-07-29,12:14:46,93.6800
2020-07-29,12:14:56,93.6829
2020-07-29,12:15:03,93.6844
2020-07-29,12:15:16,93.6830
2020-07-29,12:15:26,93.6866
2020-07-29,12:15:36,93.6875
2020-07-29,12:15:46,93.6870
2020-07-29,12:15:56,93.6798
2020-07-29,12:16:05,93.6825
2020-07-29,12:16:16,93.6854
2020-07-29,12:16:26,93.6845
2020-07-29,12:16:36,93.6846
2020-07-29,12:16:57,93.6841
2020-07-29,12:16:57,93.6841
2020-07-29,12:17:17,93.6878
2020-07-29,12:17:26,93.6797
2020-07-29,12:17:37,93.6818
2020-07-29,12:17:46,93.6861
2020-07-29,12:17:57,93.6896
2020-07-29,12:18:07,93.6846
2020-07-29,12:18:17,93.6902
2020-07-29,12:18:27,93.6909
2020-07-29,12:18:38,93.6925
2020-07-29,12:18:48,93.6919
2020-07-29,12:18:56,93.6928
2020-07-29,12:19:08,93.6844
2020-07-29,12:19:18,93.6949
2020-07-29,12:19:28,93.6842
2020-07-29,12:19:38,93.6878
2020-07-29,12:19:47,93.6872
2020-07-29,12:19:58,93.6878
2020-07-29,12:20:18,93.6849
2020-07-29,12:20:29,93.6866
2020-07-29,12:20:38,93.6847
2020-07-29,12:20:48,93.6888
2020-07-29,12:20:58,93.6857
2020-07-29,12:21:09,93.6895
2020-07-29,12:21:18,93.6884
2020-07-29,12:21:28,93.6881
2020-07-29,12:21:39,93.6862
2020-07-29,12:21:49,93.6863
2020-07-29,12:21:58,93.6878
2020-07-29,12:22:08,93.6900
2020-07-29,12:22:18,93.6842
2020-07-29,12:22:29,93.6855
2020-07-29,12:22:38,93.6862
2020-07-29,12:22:49,93.6862
2020-07-29,12:22:59,93.6875
2020-07-29,12:23:07,93.6850
2020-07-29,12:23:29,93.6869
2020-07-29,12:23:39,93.6836
2020-07-29,12:23:49,93.6886
2020-07-29,12:24:00,93.6963
2020-07-29,12:24:10,93.6909
2020-07-29,12:24:19,93.6905
2020-07-29,12:24:30,93.6854
2020-07-29,12:24:40,93.6887
2020-07-29,12:24:49,93.6924
2020-07-29,12:25:00,93.6886
2020-07-29,12:25:10,93.6865
2020-07-29,12:25:20,93.6852
2020-07-29,12:25:29,93.6874
2020-07-29,12:25:39,93.6879
2020-07-29,12:25:50,93.6896
2020-07-29,12:26:00,93.6905
2020-07-29,12:26:08,93.6948
2020-07-29,12:26:29,93.6921
2020-07-29,12:26:39,93.6926
2020-07-29,12:26:49,93.6895
2020-07-29,12:27:00,93.6923
2020-07-29,12:27:10,93.6958
2020-07-29,12:27:21,93.6982
2020-07-29,12:27:31,93.6862
2020-07-29,12:27:41,93.6906
2020-07-29,12:27:51,93.6900
2020-07-29,12:28:00,93.6873
2020-07-29,12:28:11,93.6825
2020-07-29,12:28:19,93.6836
2020-07-29,12:28:31,93.6875
2020-07-29,12:28:41,93.6888
2020-07-29,12:28:50,93.6846
2020-07-29,12:29:00,93.6849
2020-07-29,12:29:09,93.6803
2020-07-29,12:29:31,93.6793
2020-07-29,12:29:41,93.6784
2020-07-29,12:29:51,93.6794
2020-07-29,12:30:00,93.6772
2020-07-29,12:30:11,93.6756
2020-07-29,12:30:20,93.6793
2020-07-29,12:30:31,93.6833
2020-07-29,12:30:40,93.6833
2020-07-29,12:30:52,93.6852
2020-07-29,12:31:02,93.6813
2020-07-29,12:31:12,93.6805
2020-07-29,12:31:21,93.6835
2020-07-29,12:31:32,93.6813
2020-07-29,12:31:42,93.6809
2020-07-29,12:31:52,93.6859
2020-07-29,12:32:12,93.6876
2020-07-29,12:32:22,93.6821
2020-07-29,12:32:32,93.6821
2020-07-29,12:32:42,93.6798
2020-07-29,12:32:52,93.6813
2020-07-29,12:33:02,93.6818
2020-07-29,12:33:11,93.6876
2020-07-29,12:33:22,93.6835
2020-07-29,12:33:32,93.6865
2020-07-29,12:33:42,93.6852
2020-07-29,12:33:53,93.6842
2020-07-29,12:34:03,93.6867
2020-07-29,12:34:13,93.6878
2020-07-29,12:34:23,93.6871
2020-07-29,12:34:28,93.6932
2020-07-29,12:34:43,93.6872
2020-07-29,12:34:53,93.6871
2020-07-29,12:35:13,93.6872
2020-07-29,12:35:23,93.6843
2020-07-29,12:35:33,93.6780
2020-07-29,12:35:43,93.6782
2020-07-29,12:35:53,93.6845
2020-07-29,12:36:03,93.6846
2020-07-29,12:36:13,93.6865
2020-07-29,12:36:23,93.6843
2020-07-29,12:36:33,93.6887
2020-07-29,12:36:42,93.6881
2020-07-29,12:36:53,93.6832
2020-07-29,12:37:02,93.6873
2020-07-29,12:37:11,93.6823
2020-07-29,12:37:24,93.6830
2020-07-29,12:37:34,93.6843
2020-07-29,12:37:43,93.6857
2020-07-29,12:37:54,93.6838
2020-07-29,12:38:04,93.6864
2020-07-29,12:38:14,93.6858
2020-07-29,12:38:34,93.6825
2020-07-29,12:38:44,93.6828
2020-07-29,12:38:53,93.6770
2020-07-29,12:39:04,93.6765
2020-07-29,12:39:14,93.6755
2020-07-29,12:39:24,93.6736
2020-07-29,12:39:32,93.6762
2020-07-29,12:39:43,93.6773
2020-07-29,12:39:53,93.6691
2020-07-29,12:40:03,93.6775
2020-07-29,12:40:13,93.6786
2020-07-29,12:40:23,93.6742
2020-07-29,12:40:35,93.6804
2020-07-29,12:40:45,93.6726
2020-07-29,12:40:55,93.6808
2020-07-29,12:41:04,93.6763
2020-07-29,12:41:25,93.6803
2020-07-29,12:41:35,93.6831
2020-07-29,12:41:44,93.6814
2020-07-29,12:41:54,93.6808
2020-07-29,12:42:05,93.6878
2020-07-29,12:42:15,93.6935
2020-07-29,12:42:25,93.6891
2020-07-29,12:42:35,93.6859
2020-07-29,12:42:45,93.6873
2020-07-29,12:42:56,93.6863
2020-07-29,12:43:06,93.6853
2020-07-29,12:43:16,93.6981
2020-07-29,12:43:26,93.6968
2020-07-29,12:43:45,93.6927
2020-07-29,12:43:56,93.6934
2020-07-29,12:44:06,93.6988
2020-07-29,12:44:16,93.6926
2020-07-29,12:44:26,93.6920
2020-07-29,12:44:35,93.6909
2020-07-29,12:44:45,93.6925
2020-07-29,12:44:55,93.6953
2020-07-29,12:45:07,93.6965
2020-07-29,12:45:17,93.6955
2020-07-29,12:45:27,93.6948
2020-07-29,12:45:35,93.6935
2020-07-29,12:45:45,93.6939
2020-07-29,12:46:07,93.6973
2020-07-29,12:46:17,93.6895
2020-07-29,12:46:26,93.6899
2020-07-29,12:46:37,93.6970
2020-07-29,12:46:47,93.6971
2020-07-29,12:46:56,93.6950
2020-07-29,12:47:06,93.6954
2020-07-29,12:47:18,93.6906
2020-07-29,12:47:26,93.6949
2020-07-29,12:47:38,93.6962
2020-07-29,12:47:47,93.7004
2020-07-29,12:47:58,93.6989
2020-07-29,12:48:08,93.7058
2020-07-29,12:48:18,93.7038
2020-07-29,12:48:28,93.7055
2020-07-29,12:48:33,93.7117
2020-07-29,12:48:48,93.7118
2020-07-29,12:48:58,93.7117
2020-07-29,12:49:16,93.7100
2020-07-29,12:49:26,93.7073
2020-07-29,12:49:37,93.7100
2020-07-29,12:49:46,93.7121
2020-07-29,12:49:57,93.7099
2020-07-29,12:50:06,93.7115
2020-07-29,12:50:17,93.7110
2020-07-29,12:50:27,93.7117
2020-07-29,12:50:37,93.7106
2020-07-29,12:50:48,93.7114
2020-07-29,12:50:59,93.7145
2020-07-29,12:51:08,93.7094
2020-07-29,12:51:19,93.7086
2020-07-29,12:51:28,93.7093
2020-07-29,12:51:39,93.7098
2020-07-29,12:51:48,93.7160
2020-07-29,12:51:58,93.7103
2020-07-29,12:52:18,93.7131
2020-07-29,12:52:28,93.7077
2020-07-29,12:52:38,93.7100
2020-07-29,12:52:48,93.7139
2020-07-29,12:52:58,93.7109
2020-07-29,12:53:08,93.7084
2020-07-29,12:53:18,93.7105
2020-07-29,12:53:28,93.7169
2020-07-29,12:53:38,93.7148
2020-07-29,12:53:48,93.7156
2020-07-29,12:54:00,93.7221
2020-07-29,12:54:10,93.7153
2020-07-29,12:54:20,93.7174
2020-07-29,12:54:28,93.7186
2020-07-29,12:54:40,93.7168
2020-07-29,12:54:49,93.7158
2020-07-29,12:54:59,93.7198
2020-07-29,12:55:19,93.7242
2020-07-29,12:55:29,93.7262
2020-07-29,12:55:39,93.7235
2020-07-29,12:55:49,93.7293
2020-07-29,12:55:59,93.7265
2020-07-29,12:56:07,93.7314
2020-07-29,12:56:17,93.7231
2020-07-29,12:56:29,93.7225
2020-07-29,12:56:36,93.7218
2020-07-29,12:56:50,93.7270
2020-07-29,12:56:59,93.7232
2020-07-29,12:57:10,93.7241
2020-07-29,12:57:20,93.7240
2020-07-29,12:57:29,93.7346
2020-07-29,12:57:40,93.7246
2020-07-29,12:57:57,93.7217
2020-07-29,12:58:10,93.7207
2020-07-29,12:58:20,93.7157
2020-07-29,12:58:30,93.7082
2020-07-29,12:58:40,93.7038
2020-07-29,12:58:49,93.7040
2020-07-29,12:59:00,93.7094
2020-07-29,12:59:11,93.7139
2020-07-29,12:59:21,93.7153
2020-07-29,12:59:30,93.7130
2020-07-29,12:59:40,93.7143
2020-07-29,12:59:51,93.7213
2020-07-29,13:00:00,93.7048
2020-07-29,13:00:10,93.7171
2020-07-29,13:00:30,93.7136
2020-07-29,13:00:30,93.7136
2020-07-29,13:00:41,93.7139
2020-07-29,13:01:02,93.7149
2020-07-29,13:01:08,93.7164
2020-07-29,13:01:22,93.7181
2020-07-29,13:01:32,93.7205
2020-07-29,13:01:42,93.7113
2020-07-29,13:01:52,93.7184
2020-07-29,13:02:01,93.7235
2020-07-29,13:02:11,93.7180
2020-07-29,13:02:22,93.7228
2020-07-29,13:02:30,93.7299
2020-07-29,13:02:41,93.7216
2020-07-29,13:02:51,93.7301
2020-07-29,13:03:04,93.7244
2020-07-29,13:03:14,93.7267
2020-07-29,13:03:23,93.7297
2020-07-29,13:03:34,93.7262
2020-07-29,13:03:42,93.7279
2020-07-29,13:03:53,93.7242
2020-07-29,13:04:14,93.7254
2020-07-29,13:04:24,93.7247
2020-07-29,13:04:33,93.7159
2020-07-29,13:04:44,93.7211
2020-07-29,13:04:53,93.7192
2020-07-29,13:05:03,93.7165
2020-07-29,13:05:14,93.7228
2020-07-29,13:05:24,93.7233
2020-07-29,13:05:34,93.7197
2020-07-29,13:05:43,93.7259
2020-07-29,13:05:54,93.7249
2020-07-29,13:06:02,93.7247
2020-07-29,13:06:13,93.7175
2020-07-29,13:06:23,93.7254
2020-07-29,13:06:34,93.7311
2020-07-29,13:06:43,93.7256
2020-07-29,13:07:03,93.7272
2020-07-29,13:07:15,93.7277
2020-07-29,13:07:23,93.7251
2020-07-29,13:07:34,93.7270
2020-07-29,13:07:42,93.7266
2020-07-29,13:07:53,93.7284
2020-07-29,13:08:04,93.7322
2020-07-29,13:08:14,93.7344
2020-07-29,13:08:23,93.7318
2020-07-29,13:08:34,93.7260
2020-07-29,13:08:43,93.7242
2020-07-29,13:08:54,93.7263
2020-07-29,13:09:04,93.7239
2020-07-29,13:09:14,93.7277
2020-07-29,13:09:24,93.7243
2020-07-29,13:09:44,93.7247
2020-07-29,13:09:54,93.7311
2020-07-29,13:10:04,93.7318
2020-07-29,13:10:13,93.7340
2020-07-29,13:10:24,93.7304
2020-07-29,13:10:34,93.7348
2020-07-29,13:10:45,93.7337
2020-07-29,13:10:55,93.7242
2020-07-29,13:11:05,93.7215
2020-07-29,13:11:15,93.7187
2020-07-29,13:11:25,93.7114
2020-07-29,13:11:34,93.7184
2020-07-29,13:11:45,93.7223
2020-07-29,13:12:05,93.7289
2020-07-29,13:12:15,93.7253
2020-07-29,13:12:25,93.7287
2020-07-29,13:12:35,93.7188
2020-07-29,13:12:45,93.7205
2020-07-29,13:12:55,93.7257
2020-07-29,13:13:05,93.7163
2020-07-29,13:13:15,93.7237
2020-07-29,13:13:25,93.7236
2020-07-29,13:13:35,93.7230
2020-07-29,13:13:45,93.7217
2020-07-29,13:13:55,93.7238
2020-07-29,13:14:04,93.7294
2020-07-29,13:14:15,93.7247
2020-07-29,13:14:35,93.7227
2020-07-29,13:14:46,93.7200
2020-07-29,13:14:56,93.7185
2020-07-29,13:15:06,93.7205
2020-07-29,13:15:16,93.7226
2020-07-29,13:15:26,93.7241
2020-07-29,13:15:31,93.7201
2020-07-29,13:15:46,93.7239
2020-07-29,13:15:56,93.7199
2020-07-29,13:16:06,93.7221
2020-07-29,13:16:16,93.7181
2020-07-29,13:16:36,93.7186
2020-07-29,13:16:46,93.7214
2020-07-29,13:16:56,93.7248
2020-07-29,13:17:04,93.7204
2020-07-29,13:17:16,93.7220
2020-07-29,13:17:27,93.7143
2020-07-29,13:17:36,93.7180
2020-07-29,13:17:47,93.7184
2020-07-29,13:17:57,93.7177
2020-07-29,13:18:07,93.7158
2020-07-29,13:18:15,93.7195
2020-07-29,13:18:26,93.7218
2020-07-29,13:18:26,93.7218
2020-07-29,13:18:47,93.7237
2020-07-29,13:18:57,93.7264
2020-07-29,13:19:07,93.7257
2020-07-29,13:19:17,93.7189
2020-07-29,13:19:36,93.7177
2020-07-29,13:19:46,93.7094
2020-07-29,13:19:53,93.7080
2020-07-29,13:20:06,93.7101
2020-07-29,13:20:17,93.7110
2020-07-29,13:20:26,93.7170
2020-07-29,13:20:36,93.7038
2020-07-29,13:20:48,93.6973
2020-07-29,13:20:58,93.6994
2020-07-29,13:21:07,93.6993
2020-07-29,13:21:17,93.6979
2020-07-29,13:21:28,93.6978
2020-07-29,13:21:38,93.6987
2020-07-29,13:21:48,93.7025
2020-07-29,13:21:58,93.7018
2020-07-29,13:22:08,93.6997
2020-07-29,13:22:17,93.6963
2020-07-29,13:22:28,93.6970
2020-07-29,13:22:47,93.6911
2020-07-29,13:22:58,93.6915
2020-07-29,13:23:03,93.6894
2020-07-29,13:23:19,93.6906
2020-07-29,13:23:28,93.6892
2020-07-29,13:23:39,93.6861
2020-07-29,13:23:49,93.6862
2020-07-29,13:23:59,93.6878
2020-07-29,13:24:09,93.6842
2020-07-29,13:24:19,93.6815
2020-07-29,13:24:29,93.6857
2020-07-29,13:24:38,93.6878
2020-07-29,13:24:49,93.6842
2020-07-29,13:24:59,93.6904
2020-07-29,13:25:10,93.6811
2020-07-29,13:25:18,93.6816
2020-07-29,13:25:29,93.6807
2020-07-29,13:25:37,93.6843
2020-07-29,13:25:49,93.6812
2020-07-29,13:25:49,93.6812
2020-07-29,13:26:20,93.6871
2020-07-29,13:26:26,93.6865
2020-07-29,13:26:38,93.6903
2020-07-29,13:26:43,93.6832
2020-07-29,13:26:59,93.6908
2020-07-29,13:27:08,93.6904
2020-07-29,13:27:20,93.6961
2020-07-29,13:27:31,93.6929
2020-07-29,13:27:41,93.6929
2020-07-29,13:27:50,93.6983
2020-07-29,13:28:01,93.6967
2020-07-29,13:28:11,93.6981
2020-07-29,13:28:20,93.6953
2020-07-29,13:28:31,93.6957
2020-07-29,13:28:41,93.7018
2020-07-29,13:28:51,93.6971
2020-07-29,13:29:01,93.6946
2020-07-29,13:29:12,93.6966
2020-07-29,13:29:12,93.6966
2020-07-29,13:29:12,93.6966
2020-07-29,13:29:12,93.6966
2020-07-29,13:30:00,93.6957
2020-07-29,13:30:09,93.7006
2020-07-29,13:30:09,93.7006
2020-07-29,13:30:28,93.6947
2020-07-29,13:30:39,93.6949
2020-07-29,13:30:52,93.6975
2020-07-29,13:31:12,93.6993
2020-07-29,13:31:20,93.7039
2020-07-29,13:31:32,93.6982
2020-07-29,13:31:42,93.7005
2020-07-29,13:31:52,93.7063
2020-07-29,13:32:00,93.7065
2020-07-29,13:32:12,93.7093
2020-07-29,13:32:22,93.7063
2020-07-29,13:32:32,93.7080
2020-07-29,13:32:41,93.7050
2020-07-29,13:32:51,93.7040
2020-07-29,13:33:01,93.7069
2020-07-29,13:33:11,93.7071
2020-07-29,13:33:21,93.7103
2020-07-29,13:33:30,93.7105
2020-07-29,13:33:41,93.7122
2020-07-29,13:34:01,93.7049
2020-07-29,13:34:13,93.7079
2020-07-29,13:34:22,93.7084
2020-07-29,13:34:33,93.7009
2020-07-29,13:34:43,93.7035
2020-07-29,13:34:53,93.7006
2020-07-29,13:35:03,93.7048
2020-07-29,13:35:11,93.7070
2020-07-29,13:35:22,93.7001
2020-07-29,13:35:32,93.7067
2020-07-29,13:35:42,93.7065
2020-07-29,13:35:52,93.7055
2020-07-29,13:36:02,93.7053
2020-07-29,13:36:11,93.7104
2020-07-29,13:36:29,93.7055
2020-07-29,13:36:42,93.7044
2020-07-29,13:36:52,93.7051
2020-07-29,13:37:02,93.7076
2020-07-29,13:37:11,93.6989
2020-07-29,13:37:23,93.6994
2020-07-29,13:37:31,93.7061
2020-07-29,13:37:43,93.6994
2020-07-29,13:37:53,93.7022
2020-07-29,13:38:04,93.6973
2020-07-29,13:38:12,93.6967
2020-07-29,13:38:22,93.6899
2020-07-29,13:38:33,93.6914
2020-07-29,13:38:43,93.6906
2020-07-29,13:39:00,93.6922
2020-07-29,13:39:13,93.6952
2020-07-29,13:39:23,93.6911
2020-07-29,13:39:34,93.6899
2020-07-29,13:39:42,93.6961
2020-07-29,13:39:54,93.6923
2020-07-29,13:40:03,93.6914
2020-07-29,13:40:14,93.6934
2020-07-29,13:40:23,93.6970
2020-07-29,13:40:34,93.6931
2020-07-29,13:40:44,93.6863
2020-07-29,13:40:55,93.6884
2020-07-29,13:41:04,93.6871
2020-07-29,13:41:14,93.6906
2020-07-29,13:41:34,93.6971
2020-07-29,13:41:45,93.6954
2020-07-29,13:41:55,93.6940
2020-07-29,13:42:03,93.6942
2020-07-29,13:42:15,93.6943
2020-07-29,13:42:25,93.7028
2020-07-29,13:42:35,93.7003
2020-07-29,13:42:45,93.7058
2020-07-29,13:42:53,93.7059
2020-07-29,13:43:05,93.7028
2020-07-29,13:43:25,93.7005
2020-07-29,13:43:34,93.7009
2020-07-29,13:43:44,93.7031
2020-07-29,13:43:54,93.7039
2020-07-29,13:43:59,93.7005
2020-07-29,13:43:59,93.7005
2020-07-29,13:44:26,93.7045
2020-07-29,13:44:31,93.7032
2020-07-29,13:44:46,93.6967
2020-07-29,13:44:56,93.7030
2020-07-29,13:45:05,93.6992
2020-07-29,13:45:15,93.6983
2020-07-29,13:45:26,93.6966
2020-07-29,13:45:36,93.6979
2020-07-29,13:45:56,93.6939
2020-07-29,13:46:03,93.7012
2020-07-29,13:46:15,93.6993
2020-07-29,13:46:26,93.7130
2020-07-29,13:46:36,93.7069
2020-07-29,13:46:46,93.7172
2020-07-29,13:46:55,93.7165
2020-07-29,13:47:05,93.7185
2020-07-29,13:47:16,93.7206
2020-07-29,13:47:16,93.7206
2020-07-29,13:47:37,93.7168
2020-07-29,13:47:46,93.7228
2020-07-29,13:47:56,93.7157
2020-07-29,13:48:04,93.7176
2020-07-29,13:48:04,93.7176
2020-07-29,13:48:26,93.7173
2020-07-29,13:48:36,93.7181
2020-07-29,13:48:56,93.7189
2020-07-29,13:49:06,93.7236
2020-07-29,13:49:17,93.7226
2020-07-29,13:49:26,93.7220
2020-07-29,13:49:36,93.7223
2020-07-29,13:49:46,93.7243
2020-07-29,13:49:56,93.7246
2020-07-29,13:50:05,93.7239
2020-07-29,13:50:16,93.7285
2020-07-29,13:50:26,93.7243
2020-07-29,13:50:37,93.7202
2020-07-29,13:50:47,93.7200
2020-07-29,13:50:57,93.7156
2020-07-29,13:51:07,93.7120
2020-07-29,13:51:18,93.7146
2020-07-29,13:51:28,93.7133
2020-07-29,13:51:48,93.7041
2020-07-29,13:51:57,93.7054
2020-07-29,13:52:08,93.7020
2020-07-29,13:52:13,93.7074
2020-07-29,13:52:13,93.7074
2020-07-29,13:52:13,93.7074
2020-07-29,13:52:48,93.6985
2020-07-29,13:52:58,93.7012
2020-07-29,13:53:08,93.7049
2020-07-29,13:53:17,93.7034
2020-07-29,13:53:28,93.7033
2020-07-29,13:53:38,93.7032
2020-07-29,13:53:47,93.6974
2020-07-29,13:53:58,93.6954
2020-07-29,13:54:08,93.6919
2020-07-29,13:54:18,93.6926
2020-07-29,13:54:29,93.6897
2020-07-29,13:54:38,93.6841
2020-07-29,13:54:59,93.6878
2020-07-29,13:55:03,93.6897
2020-07-29,13:55:19,93.6842
2020-07-29,13:55:29,93.6870
2020-07-29,13:55:39,93.6831
2020-07-29,13:55:49,93.6800
2020-07-29,13:55:59,93.6829
2020-07-29,13:56:09,93.6861
2020-07-29,13:56:19,93.6946
2020-07-29,13:56:29,93.6852
2020-07-29,13:56:39,93.6888
2020-07-29,13:56:49,93.6916
2020-07-29,13:56:58,93.6887
2020-07-29,13:57:09,93.6846
2020-07-29,13:57:19,93.6838
2020-07-29,13:57:29,93.6867
2020-07-29,13:57:40,93.6863
2020-07-29,13:57:50,93.6912
2020-07-29,13:58:10,93.6909
2020-07-29,13:58:20,93.6855
2020-07-29,13:58:30,93.6798
2020-07-29,13:58:40,93.6809
2020-07-29,13:58:50,93.6856
2020-07-29,13:59:00,93.6799
2020-07-29,13:59:10,93.6809
2020-07-29,13:59:19,93.6705
2020-07-29,13:59:30,93.6784
2020-07-29,13:59:40,93.6731
2020-07-29,13:59:50,93.6709
2020-07-29,14:00:00,93.6684
2020-07-29,14:00:00,93.6684
2020-07-29,14:00:20,93.6677
2020-07-29,14:00:20,93.6677
2020-07-29,14:00:40,93.6705
2020-07-29,14:00:50,93.6632
2020-07-29,14:01:01,93.6725
2020-07-29,14:01:21,93.6782
2020-07-29,14:01:31,93.6783
2020-07-29,14:01:41,93.6833
2020-07-29,14:01:51,93.6820
2020-07-29,14:02:01,93.6863
2020-07-29,14:02:11,93.6816
2020-07-29,14:02:21,93.6811
2020-07-29,14:02:31,93.6857
2020-07-29,14:02:41,93.6782
2020-07-29,14:02:51,93.6726
2020-07-29,14:03:01,93.6697
2020-07-29,14:03:11,93.6805
2020-07-29,14:03:19,93.6844
2020-07-29,14:03:30,93.6731
2020-07-29,14:03:42,93.6685
2020-07-29,14:03:52,93.6678
2020-07-29,14:04:08,93.6636
2020-07-29,14:04:08,93.6636
2020-07-29,14:04:32,93.6696
2020-07-29,14:04:42,93.6655
2020-07-29,14:04:52,93.6673
2020-07-29,14:05:02,93.6693
2020-07-29,14:05:12,93.6670
2020-07-29,14:05:14,93.6623
2020-07-29,14:05:28,93.6621
2020-07-29,14:05:28,93.6621
2020-07-29,14:05:52,93.6671
2020-07-29,14:06:01,93.6717
2020-07-29,14:06:13,93.6641
2020-07-29,14:06:22,93.6628
2020-07-29,14:06:33,93.6618
2020-07-29,14:06:42,93.6587
2020-07-29,14:06:50,93.6604
2020-07-29,14:07:13,93.6572
2020-07-29,14:07:23,93.6590
2020-07-29,14:07:33,93.6589
2020-07-29,14:07:43,93.6455
2020-07-29,14:07:52,93.6554
2020-07-29,14:08:04,93.6592
2020-07-29,14:08:13,93.6619
2020-07-29,14:08:24,93.6575
2020-07-29,14:08:33,93.6488
2020-07-29,14:08:42,93.6486
2020-07-29,14:08:54,93.6520
2020-07-29,14:09:02,93.6509
2020-07-29,14:09:13,93.6502
2020-07-29,14:09:24,93.6539
2020-07-29,14:09:33,93.6450
2020-07-29,14:09:43,93.6428
2020-07-29,14:09:49,93.6454
2020-07-29,14:10:03,93.6466
2020-07-29,14:10:12,93.6441
2020-07-29,14:10:34,93.6500
2020-07-29,14:10:43,93.6451
2020-07-29,14:10:53,93.6454
2020-07-29,14:11:04,93.6574
2020-07-29,14:11:14,93.6471
2020-07-29,14:11:20,93.6463
2020-07-29,14:11:35,93.6465
2020-07-29,14:11:44,93.6407
2020-07-29,14:11:53,93.6430
2020-07-29,14:12:05,93.6456
2020-07-29,14:12:13,93.6449
2020-07-29,14:12:24,93.6467
2020-07-29,14:12:34,93.6438
2020-07-29,14:12:45,93.6375
2020-07-29,14:12:54,93.6397
2020-07-29,14:13:05,93.6419
2020-07-29,14:13:14,93.6344
2020-07-29,14:13:24,93.6291
2020-07-29,14:13:41,93.6274
2020-07-29,14:13:41,93.6274
2020-07-29,14:14:04,93.6212
2020-07-29,14:14:15,93.6249
2020-07-29,14:14:25,93.6161
2020-07-29,14:14:35,93.6157
2020-07-29,14:14:44,93.6181
2020-07-29,14:14:55,93.6172
2020-07-29,14:15:05,93.6144
2020-07-29,14:15:15,93.6091
2020-07-29,14:15:24,93.6147
2020-07-29,14:15:35,93.6175
2020-07-29,14:15:46,93.6074
2020-07-29,14:15:54,93.6087
2020-07-29,14:16:04,93.6141
2020-07-29,14:16:04,93.6141
2020-07-29,14:16:26,93.6133
2020-07-29,14:16:45,93.6053
2020-07-29,14:16:56,93.6075
2020-07-29,14:17:06,93.6069
2020-07-29,14:17:16,93.6066
2020-07-29,14:17:16,93.6066
2020-07-29,14:17:36,93.6052
2020-07-29,14:17:46,93.5934
2020-07-29,14:17:54,93.5991
2020-07-29,14:18:01,93.5972
2020-07-29,14:18:17,93.6036
2020-07-29,14:18:25,93.6016
2020-07-29,14:18:37,93.6055
2020-07-29,14:18:46,93.6095
2020-07-29,14:18:56,93.6176
2020-07-29,14:19:01,93.6211
2020-07-29,14:19:27,93.6248
2020-07-29,14:19:37,93.6130
2020-07-29,14:19:45,93.6155
2020-07-29,14:19:45,93.6155
2020-07-29,14:19:45,93.6155
2020-07-29,14:19:45,93.6155
2020-07-29,14:19:45,93.6155
2020-07-29,14:19:45,93.6155
2020-07-29,14:20:47,93.6074
2020-07-29,14:20:48,93.6032
2020-07-29,14:21:08,93.6134
2020-07-29,14:21:14,93.6118
2020-07-29,14:21:25,93.6108
2020-07-29,14:21:38,93.6153
2020-07-29,14:21:48,93.6184
2020-07-29,14:21:58,93.6145
2020-07-29,14:22:08,93.6133
2020-07-29,14:22:18,93.6054
2020-07-29,14:22:38,93.6132
2020-07-29,14:22:47,93.6077
2020-07-29,14:22:51,93.6125
2020-07-29,14:23:06,93.6128
2020-07-29,14:23:18,93.6179
2020-07-29,14:23:28,93.6222
2020-07-29,14:23:38,93.6220
2020-07-29,14:23:46,93.6171
2020-07-29,14:23:58,93.6197
2020-07-29,14:23:58,93.6197
2020-07-29,14:24:16,93.6286
2020-07-29,14:24:29,93.6311
2020-07-29,14:24:38,93.6318
2020-07-29,14:24:49,93.6305
2020-07-29,14:24:59,93.6363
2020-07-29,14:25:17,93.6322
2020-07-29,14:25:28,93.6280
2020-07-29,14:25:39,93.6267
2020-07-29,14:25:49,93.6250
2020-07-29,14:25:59,93.6258
2020-07-29,14:26:08,93.6234
2020-07-29,14:26:17,93.6254
2020-07-29,14:26:29,93.6224
2020-07-29,14:26:39,93.6277
2020-07-29,14:26:49,93.6235
2020-07-29,14:26:59,93.6238
2020-07-29,14:27:08,93.6247
2020-07-29,14:27:18,93.6350
2020-07-29,14:27:29,93.6286
2020-07-29,14:27:38,93.6271
2020-07-29,14:27:50,93.6252
2020-07-29,14:28:00,93.6255
2020-07-29,14:28:09,93.6212
2020-07-29,14:28:29,93.6226
2020-07-29,14:28:39,93.6273
2020-07-29,14:28:49,93.6355
2020-07-29,14:28:49,93.6355
2020-07-29,14:29:08,93.6287
2020-07-29,14:29:20,93.6312
2020-07-29,14:29:33,93.6361
2020-07-29,14:29:43,93.6332
2020-07-29,14:29:53,93.6347
2020-07-29,14:30:01,93.6341
2020-07-29,14:30:12,93.6335
2020-07-29,14:30:23,93.6299
2020-07-29,14:30:33,93.6267
2020-07-29,14:30:37,93.6313
2020-07-29,14:30:37,93.6313
2020-07-29,14:30:37,93.6313
2020-07-29,14:31:23,93.6204
2020-07-29,14:31:33,93.6183
2020-07-29,14:31:43,93.6141
2020-07-29,14:31:53,93.6143
2020-07-29,14:31:58,93.6032
2020-07-29,14:32:13,93.6012
2020-07-29,14:32:13,93.6012
2020-07-29,14:32:13,93.6012
2020-07-29,14:32:13,93.6012
2020-07-29,14:32:52,93.5997
2020-07-29,14:33:02,93.5969
2020-07-29,14:33:06,93.5932
2020-07-29,14:33:06,93.5932
2020-07-29,14:33:06,93.5932
2020-07-29,14:33:52,93.5794
2020-07-29,14:33:59,93.5759
2020-07-29,14:34:13,93.5814
2020-07-29,14:34:23,93.5848
2020-07-29,14:34:32,93.5795
2020-07-29,14:34:41,93.5751
2020-07-29,14:34:53,93.5879
2020-07-29,14:35:03,93.5735
2020-07-29,14:35:13,93.5722
2020-07-29,14:35:23,93.5641
2020-07-29,14:35:33,93.5655
2020-07-29,14:35:43,93.5685
2020-07-29,14:35:53,93.5692
2020-07-29,14:36:02,93.5674
2020-07-29,14:36:13,93.5651
2020-07-29,14:36:19,93.5658
2020-07-29,14:36:33,93.5768
2020-07-29,14:36:42,93.5796
2020-07-29,14:37:02,93.5861
2020-07-29,14:37:13,93.5924
2020-07-29,14:37:22,93.5956
2020-07-29,14:37:32,93.5852
2020-07-29,14:37:40,93.5889
2020-07-29,14:37:52,93.5952
2020-07-29,14:37:52,93.5952
2020-07-29,14:37:52,93.5952
2020-07-29,14:37:52,93.5952
2020-07-29,14:37:52,93.5952
2020-07-29,14:38:43,93.5912
2020-07-29,14:38:53,93.5931
2020-07-29,14:39:03,93.5962
2020-07-29,14:39:13,93.5964
2020-07-29,14:39:23,93.5995
2020-07-29,14:39:33,93.6034
2020-07-29,14:39:43,93.6091
2020-07-29,14:40:03,93.6078
2020-07-29,14:40:13,93.6056
2020-07-29,14:40:23,93.6031
2020-07-29,14:40:33,93.6046
2020-07-29,14:40:43,93.6073
2020-07-29,14:40:52,93.6115
2020-07-29,14:41:03,93.6026
2020-07-29,14:41:13,93.6073
2020-07-29,14:41:25,93.6076
2020-07-29,14:41:34,93.5997
2020-07-29,14:41:44,93.5956
2020-07-29,14:41:54,93.6043
2020-07-29,14:42:04,93.5949
2020-07-29,14:42:14,93.5923
2020-07-29,14:42:24,93.5924
2020-07-29,14:42:34,93.5907
2020-07-29,14:42:44,93.5895
2020-07-29,14:42:54,93.5855
2020-07-29,14:43:04,93.5781
2020-07-29,14:43:13,93.5794
2020-07-29,14:43:35,93.5720
2020-07-29,14:43:43,93.5737
2020-07-29,14:43:54,93.5797
2020-07-29,14:44:03,93.5686
2020-07-29,14:44:15,93.5656
2020-07-29,14:44:25,93.5634
2020-07-29,14:44:35,93.5665
2020-07-29,14:44:45,93.5667
2020-07-29,14:44:55,93.5647
2020-07-29,14:45:05,93.5653
2020-07-29,14:45:15,93.5748
2020-07-29,14:45:25,93.5745
2020-07-29,14:45:35,93.5747
2020-07-29,14:45:45,93.5712
2020-07-29,14:45:55,93.5753
2020-07-29,14:46:06,93.5719
2020-07-29,14:46:16,93.5736
2020-07-29,14:46:36,93.5635
2020-07-29,14:46:46,93.5622
2020-07-29,14:46:54,93.5611
2020-07-29,14:47:04,93.5620
2020-07-29,14:47:16,93.5639
2020-07-29,14:47:25,93.5703
2020-07-29,14:47:34,93.5709
2020-07-29,14:47:46,93.5605
2020-07-29,14:47:56,93.5555
2020-07-29,14:48:07,93.5584
2020-07-29,14:48:16,93.5612
2020-07-29,14:48:25,93.5596
2020-07-29,14:48:33,93.5578
2020-07-29,14:48:57,93.5619
2020-07-29,14:49:05,93.5661
2020-07-29,14:49:15,93.5639
2020-07-29,14:49:27,93.5628
2020-07-29,14:49:37,93.5606
2020-07-29,14:49:45,93.5600
2020-07-29,14:49:55,93.5573
2020-07-29,14:50:07,93.5615
2020-07-29,14:50:17,93.5588
2020-07-29,14:50:27,93.5640
2020-07-29,14:50:36,93.5601
2020-07-29,14:50:46,93.5607
2020-07-29,14:50:53,93.5615
2020-07-29,14:51:06,93.5640
2020-07-29,14:51:15,93.5740
2020-07-29,14:51:25,93.5689
2020-07-29,14:51:34,93.5784
2020-07-29,14:51:55,93.5674
2020-07-29,14:52:07,93.5691
2020-07-29,14:52:16,93.5683
2020-07-29,14:52:27,93.5686
2020-07-29,14:52:37,93.5680
2020-07-29,14:52:46,93.5686
2020-07-29,14:52:56,93.5648
2020-07-29,14:53:06,93.5699
2020-07-29,14:53:14,93.5672
2020-07-29,14:53:14,93.5672
2020-07-29,14:53:14,93.5672
2020-07-29,14:53:14,93.5672
2020-07-29,14:53:56,93.5666
2020-07-29,14:54:05,93.5681
2020-07-29,14:54:16,93.5784
2020-07-29,14:54:26,93.5915
2020-07-29,14:54:36,93.5940
2020-07-29,14:54:54,93.5916
2020-07-29,14:55:06,93.5934
2020-07-29,14:55:13,93.5898
2020-07-29,14:55:13,93.5898
2020-07-29,14:55:36,93.5904
2020-07-29,14:55:46,93.5855
2020-07-29,14:55:56,93.5834
2020-07-29,14:56:01,93.5869
2020-07-29,14:56:16,93.5841
2020-07-29,14:56:27,93.5859
2020-07-29,14:56:37,93.5859
2020-07-29,14:56:42,93.5873
2020-07-29,14:56:55,93.5813
2020-07-29,14:57:05,93.5853
2020-07-29,14:57:15,93.5797
2020-07-29,14:57:37,93.5777
2020-07-29,14:57:46,93.5833
2020-07-29,14:57:57,93.5780
2020-07-29,14:58:03,93.5775
2020-07-29,14:58:17,93.5781
2020-07-29,14:58:26,93.5832
2020-07-29,14:58:36,93.5804
2020-07-29,14:58:46,93.5760
2020-07-29,14:58:56,93.5728
2020-07-29,14:59:05,93.5744
2020-07-29,14:59:16,93.5708
2020-07-29,14:59:27,93.5674
2020-07-29,14:59:36,93.5600
2020-07-29,14:59:47,93.5712
2020-07-29,14:59:55,93.5663
2020-07-29,15:00:16,93.5686
2020-07-29,15:00:27,93.5544
2020-07-29,15:00:37,93.5254
2020-07-29,15:00:47,93.5279
2020-07-29,15:00:57,93.5296
2020-07-29,15:01:07,93.5241
2020-07-29,15:01:17,93.5263
2020-07-29,15:01:26,93.5238
2020-07-29,15:01:37,93.5204
2020-07-29,15:01:47,93.5206
2020-07-29,15:01:55,93.5215
2020-07-29,15:02:07,93.5428
2020-07-29,15:02:15,93.5446
2020-07-29,15:02:28,93.5516
2020-07-29,15:02:33,93.5465
2020-07-29,15:02:43,93.5513
2020-07-29,15:02:43,93.5513
2020-07-29,15:02:43,93.5513
2020-07-29,15:02:43,93.5513
2020-07-29,15:02:43,93.5513
2020-07-29,15:03:47,93.5410
2020-07-29,15:03:57,93.5486
2020-07-29,15:04:05,93.5313
2020-07-29,15:04:18,93.5284
2020-07-29,15:04:28,93.5349
2020-07-29,15:04:38,93.5298
2020-07-29,15:04:48,93.5295
2020-07-29,15:04:58,93.5345
2020-07-29,15:05:08,93.5362
2020-07-29,15:05:18,93.5429
2020-07-29,15:05:28,93.5444
2020-07-29,15:05:38,93.5510
2020-07-29,15:05:49,93.5409
2020-07-29,15:05:57,93.5387
2020-07-29,15:06:18,93.5264
2020-07-29,15:06:29,93.5187
2020-07-29,15:06:39,93.5173
2020-07-29,15:06:48,93.5241
2020-07-29,15:06:59,93.5270
2020-07-29,15:07:09,93.5339
2020-07-29,15:07:18,93.5401
2020-07-29,15:07:28,93.5361
2020-07-29,15:07:39,93.5375
2020-07-29,15:07:48,93.5383
2020-07-29,15:07:58,93.5417
2020-07-29,15:08:09,93.5353
2020-07-29,15:08:18,93.5360
2020-07-29,15:08:28,93.5368
2020-07-29,15:08:38,93.5292
2020-07-29,15:08:43,93.5249
2020-07-29,15:08:59,93.5217
2020-07-29,15:09:06,93.5326
2020-07-29,15:09:20,93.5304
2020-07-29,15:09:40,93.5282
2020-07-29,15:09:50,93.5192
2020-07-29,15:10:00,93.5237
2020-07-29,15:10:09,93.5304
2020-07-29,15:10:20,93.5217
2020-07-29,15:10:30,93.5307
2020-07-29,15:10:40,93.5295
2020-07-29,15:10:50,93.5319
2020-07-29,15:11:00,93.5326
2020-07-29,15:11:09,93.5298
2020-07-29,15:11:20,93.5336
2020-07-29,15:11:30,93.5421
2020-07-29,15:11:40,93.5440
2020-07-29,15:11:50,93.5394
2020-07-29,15:11:59,93.5385
2020-07-29,15:12:10,93.5212
2020-07-29,15:12:19,93.5185
2020-07-29,15:12:29,93.5176
2020-07-29,15:12:41,93.5176
2020-07-29,15:13:00,93.5102
2020-07-29,15:13:11,93.5091
2020-07-29,15:13:22,93.5206
2020-07-29,15:13:31,93.5178
2020-07-29,15:13:40,93.5242
2020-07-29,15:13:52,93.5309
2020-07-29,15:14:01,93.5322
2020-07-29,15:14:11,93.5333
2020-07-29,15:14:21,93.5360
2020-07-29,15:14:31,93.5317
2020-07-29,15:14:40,93.5350
2020-07-29,15:14:51,93.5277
2020-07-29,15:15:01,93.5325
2020-07-29,15:15:11,93.5299
2020-07-29,15:15:21,93.5260
2020-07-29,15:15:29,93.5263
2020-07-29,15:15:40,93.5268
2020-07-29,15:15:52,93.5354
2020-07-29,15:16:13,93.5360
2020-07-29,15:16:23,93.5508
2020-07-29,15:16:33,93.5585
2020-07-29,15:16:37,93.5692
2020-07-29,15:16:37,93.5692
2020-07-29,15:17:01,93.5684
2020-07-29,15:17:12,93.5802
2020-07-29,15:17:22,93.5720
2020-07-29,15:17:32,93.5765
2020-07-29,15:17:42,93.5694
2020-07-29,15:17:47,93.5771
2020-07-29,15:17:47,93.5771
2020-07-29,15:17:47,93.5771
2020-07-29,15:17:47,93.5771
2020-07-29,15:17:47,93.5771
2020-07-29,15:17:47,93.5771
2020-07-29,15:18:52,93.5940
2020-07-29,15:18:55,93.5902
2020-07-29,15:19:13,93.5852
2020-07-29,15:19:33,93.5723
2020-07-29,15:19:43,93.5705
2020-07-29,15:19:53,93.5727
2020-07-29,15:20:03,93.5744
2020-07-29,15:20:13,93.5661
2020-07-29,15:20:23,93.5729
2020-07-29,15:20:33,93.5681
2020-07-29,15:20:43,93.5593
2020-07-29,15:20:53,93.5599
2020-07-29,15:21:03,93.5521
2020-07-29,15:21:13,93.5601
2020-07-29,15:21:23,93.5795
2020-07-29,15:21:28,93.5811
2020-07-29,15:21:43,93.5815
2020-07-29,15:21:53,93.5850
2020-07-29,15:22:03,93.5934
2020-07-29,15:22:23,93.5886
2020-07-29,15:22:23,93.5886
2020-07-29,15:22:44,93.5762
2020-07-29,15:22:54,93.5736
2020-07-29,15:23:04,93.5698
2020-07-29,15:23:13,93.5738
2020-07-29,15:23:24,93.5762
2020-07-29,15:23:34,93.5675
2020-07-29,15:23:44,93.5622
2020-07-29,15:23:54,93.5577
2020-07-29,15:24:04,93.5566
2020-07-29,15:24:14,93.5668
2020-07-29,15:24:24,93.5638
2020-07-29,15:24:34,93.5634
2020-07-29,15:24:45,93.5716
2020-07-29,15:24:55,93.5701
2020-07-29,15:25:05,93.5660
2020-07-29,15:25:14,93.5710
2020-07-29,15:25:35,93.5615
2020-07-29,15:25:45,93.5558
2020-07-29,15:25:55,93.5590
2020-07-29,15:26:05,93.5550
2020-07-29,15:26:15,93.5565
2020-07-29,15:26:25,93.5574
2020-07-29,15:26:36,93.5595
2020-07-29,15:26:45,93.5574
2020-07-29,15:26:55,93.5547
2020-07-29,15:27:05,93.5484
2020-07-29,15:27:16,93.5502
2020-07-29,15:27:25,93.5511
2020-07-29,15:27:34,93.5481
2020-07-29,15:27:44,93.5487
2020-07-29,15:27:55,93.5442
2020-07-29,15:28:05,93.5472
2020-07-29,15:28:16,93.5512
2020-07-29,15:28:26,93.5533
2020-07-29,15:28:44,93.5473
2020-07-29,15:28:56,93.5463
2020-07-29,15:29:05,93.5464
2020-07-29,15:29:16,93.5562
2020-07-29,15:29:27,93.5530
2020-07-29,15:29:34,93.5508
2020-07-29,15:29:47,93.5556
2020-07-29,15:29:57,93.5577
2020-07-29,15:30:01,93.5513
2020-07-29,15:30:16,93.5587
2020-07-29,15:30:26,93.5585
2020-07-29,15:30:37,93.5557
2020-07-29,15:30:47,93.5569
2020-07-29,15:30:55,93.5560
2020-07-29,15:31:07,93.5590
2020-07-29,15:31:17,93.5586
2020-07-29,15:31:22,93.5587
2020-07-29,15:31:37,93.5538
2020-07-29,15:31:47,93.5565
2020-07-29,15:32:07,93.5563
2020-07-29,15:32:16,93.5549
2020-07-29,15:32:25,93.5405
2020-07-29,15:32:35,93.5446
2020-07-29,15:32:47,93.5484
2020-07-29,15:32:57,93.5514
2020-07-29,15:33:07,93.5541
2020-07-29,15:33:18,93.5525
2020-07-29,15:33:27,93.5499
2020-07-29,15:33:36,93.5543
2020-07-29,15:33:48,93.5524
2020-07-29,15:33:58,93.5431
2020-07-29,15:34:08,93.5544
2020-07-29,15:34:18,93.5487
2020-07-29,15:34:28,93.5542
2020-07-29,15:34:36,93.5453
2020-07-29,15:34:48,93.5487
2020-07-29,15:34:57,93.5453
2020-07-29,15:35:08,93.5416
2020-07-29,15:35:16,93.5285
2020-07-29,15:35:38,93.5316
2020-07-29,15:35:47,93.5338
2020-07-29,15:35:59,93.5278
2020-07-29,15:36:09,93.5302
2020-07-29,15:36:19,93.5181
2020-07-29,15:36:28,93.5180
2020-07-29,15:36:37,93.5184
2020-07-29,15:36:49,93.5121
2020-07-29,15:36:58,93.5114
2020-07-29,15:37:08,93.5020
2020-07-29,15:37:16,93.5072
2020-07-29,15:37:39,93.5148
2020-07-29,15:37:44,93.5150
2020-07-29,15:37:44,93.5150
2020-07-29,15:37:44,93.5150
2020-07-29,15:38:19,93.5127
2020-07-29,15:38:25,93.5132
2020-07-29,15:38:39,93.4988
2020-07-29,15:38:48,93.5076
2020-07-29,15:38:57,93.5071
2020-07-29,15:39:08,93.5094
2020-07-29,15:39:20,93.5026
2020-07-29,15:39:30,93.5060
2020-07-29,15:39:39,93.5090
2020-07-29,15:39:50,93.5064
2020-07-29,15:40:00,93.5119
2020-07-29,15:40:10,93.5061
2020-07-29,15:40:20,93.5118
2020-07-29,15:40:30,93.5123
2020-07-29,15:40:50,93.5009
2020-07-29,15:41:00,93.5046
2020-07-29,15:41:10,93.5041
2020-07-29,15:41:19,93.4971
2020-07-29,15:41:27,93.4956
2020-07-29,15:41:39,93.4935
2020-07-29,15:41:50,93.4600
2020-07-29,15:42:00,93.4572
2020-07-29,15:42:10,93.4682
2020-07-29,15:42:20,93.4546
2020-07-29,15:42:29,93.4391
2020-07-29,15:42:41,93.4390
2020-07-29,15:42:51,93.4376
2020-07-29,15:43:01,93.4228
2020-07-29,15:43:10,93.4171
2020-07-29,15:43:21,93.4268
2020-07-29,15:43:31,93.4138
2020-07-29,15:43:51,93.4236
2020-07-29,15:44:01,93.4326
2020-07-29,15:44:10,93.4344
2020-07-29,15:44:19,93.4175
2020-07-29,15:44:30,93.4191
2020-07-29,15:44:40,93.4133
2020-07-29,15:44:50,93.4032
2020-07-29,15:45:00,93.4022
2020-07-29,15:45:00,93.4022
2020-07-29,15:45:00,93.4022
2020-07-29,15:45:00,93.4022
2020-07-29,15:45:00,93.4022
2020-07-29,15:45:00,93.4022
2020-07-29,15:45:00,93.4022
2020-07-29,15:46:07,93.4037
2020-07-29,15:46:07,93.4037
2020-07-29,15:46:32,93.4307
2020-07-29,15:46:38,93.4380
2020-07-29,15:46:52,93.4278
2020-07-29,15:47:12,93.4383
2020-07-29,15:47:22,93.4282
2020-07-29,15:47:31,93.4308
2020-07-29,15:47:37,93.4241
2020-07-29,15:47:52,93.4108
2020-07-29,15:48:00,93.4137
2020-07-29,15:48:09,93.4115
2020-07-29,15:48:22,93.4132
2020-07-29,15:48:32,93.4148
2020-07-29,15:48:42,93.4097
2020-07-29,15:48:51,93.4090
2020-07-29,15:48:51,93.4090
2020-07-29,15:48:51,93.4090
2020-07-29,15:48:51,93.4090
2020-07-29,15:49:33,93.4198
2020-07-29,15:49:42,93.4219
2020-07-29,15:49:52,93.4362
2020-07-29,15:50:02,93.4415
2020-07-29,15:50:21,93.4500
2020-07-29,15:50:21,93.4500
2020-07-29,15:50:21,93.4500
2020-07-29,15:50:21,93.4500
2020-07-29,15:51:03,93.4400
2020-07-29,15:51:13,93.4184
2020-07-29,15:51:23,93.4317
2020-07-29,15:51:32,93.4280
2020-07-29,15:51:42,93.4393
2020-07-29,15:51:52,93.4411
2020-07-29,15:52:03,93.4339
2020-07-29,15:52:13,93.4308
2020-07-29,15:52:23,93.4231
2020-07-29,15:52:33,93.4299
2020-07-29,15:52:44,93.4284
2020-07-29,15:52:54,93.4220
2020-07-29,15:53:04,93.4192
2020-07-29,15:53:25,93.4083
2020-07-29,15:53:25,93.4083
2020-07-29,15:53:36,93.4040
2020-07-29,15:53:36,93.4040
2020-07-29,15:53:36,93.4040
2020-07-29,15:53:36,93.4040
2020-07-29,15:54:25,93.4355
2020-07-29,15:54:34,93.4336
2020-07-29,15:54:44,93.4331
2020-07-29,15:54:54,93.4317
2020-07-29,15:55:01,93.4302
2020-07-29,15:55:13,93.4287
2020-07-29,15:55:24,93.4349
2020-07-29,15:55:34,93.4308
2020-07-29,15:55:43,93.4376
2020-07-29,15:55:54,93.4357
2020-07-29,15:56:03,93.4272
2020-07-29,15:56:16,93.4338
2020-07-29,15:56:36,93.4140
2020-07-29,15:56:44,93.4165
2020-07-29,15:56:56,93.4172
2020-07-29,15:57:04,93.4247
2020-07-29,15:57:15,93.4227
2020-07-29,15:57:25,93.4295
2020-07-29,15:57:35,93.4339
2020-07-29,15:57:45,93.4370
2020-07-29,15:57:55,93.4353
2020-07-29,15:58:05,93.4265
2020-07-29,15:58:15,93.4255
2020-07-29,15:58:21,93.4328
2020-07-29,15:58:33,93.4470
2020-07-29,15:58:45,93.4527
2020-07-29,15:58:50,93.4550
2020-07-29,15:59:14,93.4454
2020-07-29,15:59:14,93.4454
2020-07-29,15:59:33,93.4540
2020-07-29,15:59:46,93.4565
2020-07-29,15:59:55,93.4556
2020-07-29,16:00:06,93.4513
2020-07-29,16:00:16,93.4549
2020-07-29,16:00:26,93.4589
2020-07-29,16:00:35,93.4554
2020-07-29,16:00:46,93.4543
2020-07-29,16:00:56,93.4613
2020-07-29,16:01:06,93.4536
2020-07-29,16:01:16,93.4561
2020-07-29,16:01:26,93.4615
2020-07-29,16:01:36,93.4561
2020-07-29,16:01:46,93.4572
2020-07-29,16:01:56,93.4544
2020-07-29,16:02:06,93.4461
2020-07-29,16:02:26,93.4471
2020-07-29,16:02:26,93.4471
2020-07-29,16:02:47,93.4549
2020-07-29,16:03:07,93.4642
2020-07-29,16:03:17,93.4672
2020-07-29,16:03:27,93.4705
2020-07-29,16:03:37,93.4638
2020-07-29,16:03:47,93.4691
2020-07-29,16:03:58,93.4782
2020-07-29,16:04:12,93.4745
2020-07-29,16:04:26,93.4769
2020-07-29,16:04:36,93.4848
2020-07-29,16:04:46,93.4818
2020-07-29,16:04:57,93.4861
2020-07-29,16:05:08,93.4821
2020-07-29,16:05:17,93.4838
2020-07-29,16:05:26,93.4865
2020-07-29,16:05:37,93.4874
2020-07-29,16:05:48,93.4852
2020-07-29,16:05:57,93.4840
2020-07-29,16:06:08,93.4822
2020-07-29,16:06:17,93.4841
2020-07-29,16:06:28,93.4849
2020-07-29,16:06:49,93.4917
2020-07-29,16:07:38,93.4853
2020-07-29,16:09:59,93.4827
2020-07-29,16:10:07,93.4899
2020-07-29,16:10:40,93.4782
2020-07-29,16:10:46,93.4666
2020-07-29,16:10:55,93.4714
2020-07-29,16:11:09,93.4671
2020-07-29,16:11:10,93.4704
2020-07-29,16:11:30,93.4734
2020-07-29,16:11:37,93.4678
2020-07-29,16:11:59,93.4643
2020-07-29,16:12:10,93.4574
2020-07-29,16:12:19,93.4594
2020-07-29,16:12:29,93.4557
2020-07-29,16:12:40,93.4475
2020-07-29,16:12:51,93.4539
2020-07-29,16:13:01,93.4542
2020-07-29,16:13:08,93.4591
2020-07-29,16:13:29,93.4592
2020-07-29,16:13:40,93.4537
2020-07-29,16:13:44,93.4573
2020-07-29,16:14:01,93.4717
2020-07-29,16:14:11,93.4634
2020-07-29,16:14:21,93.4555
2020-07-29,16:14:30,93.4548
2020-07-29,16:14:41,93.4579
2020-07-29,16:14:49,93.4542
2020-07-29,16:15:01,93.4535
2020-07-29,16:15:11,93.4585
2020-07-29,16:15:30,93.4553
2020-07-29,16:15:40,93.4499
2020-07-29,16:15:51,93.4492
2020-07-29,16:16:01,93.4459
2020-07-29,16:16:12,93.4442
2020-07-29,16:16:22,93.4394
2020-07-29,16:16:32,93.4408
2020-07-29,16:16:42,93.4340
2020-07-29,16:16:52,93.4283
2020-07-29,16:17:01,93.4377
2020-07-29,16:17:12,93.4309
2020-07-29,16:17:22,93.4333
2020-07-29,16:17:31,93.4342
2020-07-29,16:17:42,93.4297
2020-07-29,16:18:01,93.4317
2020-07-29,16:18:11,93.4279
2020-07-29,16:18:22,93.4246
2020-07-29,16:18:32,93.4261
2020-07-29,16:18:40,93.4273
2020-07-29,16:18:51,93.4277
2020-07-29,16:19:02,93.4322
2020-07-29,16:19:12,93.4293
2020-07-29,16:19:21,93.4287
2020-07-29,16:19:33,93.4383
2020-07-29,16:19:42,93.4314
2020-07-29,16:19:53,93.4384
2020-07-29,16:20:03,93.4457
2020-07-29,16:20:23,93.4377
2020-07-29,16:20:31,93.4325
2020-07-29,16:20:43,93.4284
2020-07-29,16:20:53,93.4344
2020-07-29,16:21:03,93.4360
2020-07-29,16:21:13,93.4391
2020-07-29,16:21:23,93.4406
2020-07-29,16:21:33,93.4508
2020-07-29,16:21:42,93.4599
2020-07-29,16:21:53,93.4598
2020-07-29,16:22:02,93.4719
2020-07-29,16:22:13,93.4760
2020-07-29,16:22:23,93.4800
2020-07-29,16:22:33,93.4770
2020-07-29,16:22:43,93.4754
2020-07-29,16:22:51,93.4730
2020-07-29,16:22:51,93.4730
2020-07-29,16:23:14,93.4770
2020-07-29,16:23:34,93.4936
2020-07-29,16:23:44,93.5016
2020-07-29,16:23:54,93.4953
2020-07-29,16:24:04,93.4910
2020-07-29,16:24:13,93.4892
2020-07-29,16:24:20,93.4922
2020-07-29,16:24:20,93.4922
2020-07-29,16:24:43,93.4915
2020-07-29,16:24:54,93.4903
2020-07-29,16:25:04,93.4958
2020-07-29,16:25:14,93.4937
2020-07-29,16:25:20,93.4919
2020-07-29,16:25:34,93.4928
2020-07-29,16:25:43,93.4945
2020-07-29,16:25:50,93.4977
2020-07-29,16:26:04,93.5062
2020-07-29,16:26:15,93.4962
2020-07-29,16:26:35,93.5035
2020-07-29,16:26:45,93.4995
2020-07-29,16:26:52,93.5024
2020-07-29,16:27:04,93.4998
2020-07-29,16:27:15,93.4963
2020-07-29,16:27:23,93.4945
2020-07-29,16:27:35,93.5006
2020-07-29,16:27:44,93.4965
2020-07-29,16:27:54,93.4969
2020-07-29,16:28:05,93.4984
2020-07-29,16:28:14,93.4964
2020-07-29,16:28:25,93.4967
2020-07-29,16:28:31,93.4864
2020-07-29,16:28:45,93.4917
2020-07-29,16:28:55,93.4860
2020-07-29,16:29:04,93.4829
2020-07-29,16:29:04,93.4829
2020-07-29,16:29:04,93.4829
2020-07-29,16:29:04,93.4829
2020-07-29,16:29:04,93.4829
2020-07-29,16:30:06,93.4847
2020-07-29,16:30:16,93.4864
2020-07-29,16:30:26,93.4857
2020-07-29,16:30:35,93.4904
2020-07-29,16:30:55,93.4991
2020-07-29,16:31:06,93.4979
2020-07-29,16:31:16,93.4952
2020-07-29,16:31:27,93.5010
2020-07-29,16:31:36,93.5076
2020-07-29,16:31:45,93.5050
2020-07-29,16:31:57,93.5016
2020-07-29,16:32:16,93.5092
2020-07-29,16:32:26,93.5119
2020-07-29,16:32:36,93.5128
2020-07-29,16:32:46,93.5069
2020-07-29,16:32:56,93.5007
2020-07-29,16:33:06,93.5000
2020-07-29,16:33:18,93.5042
2020-07-29,16:33:28,93.4948
2020-07-29,16:33:37,93.5075
2020-07-29,16:33:47,93.5114
2020-07-29,16:33:58,93.5192
2020-07-29,16:34:06,93.5204
2020-07-29,16:34:18,93.5248
2020-07-29,16:34:28,93.5298
2020-07-29,16:34:38,93.5252
2020-07-29,16:34:47,93.5277
2020-07-29,16:34:57,93.5154
2020-07-29,16:35:17,93.5068
2020-07-29,16:35:26,93.5099
2020-07-29,16:35:36,93.5050
2020-07-29,16:35:47,93.5044
2020-07-29,16:35:57,93.5057
2020-07-29,16:36:07,93.5031
2020-07-29,16:36:19,93.4992
2020-07-29,16:36:28,93.5041
2020-07-29,16:36:39,93.5026
2020-07-29,16:36:49,93.5036
2020-07-29,16:36:54,93.5048
2020-07-29,16:37:07,93.5072
2020-07-29,16:37:19,93.5206
2020-07-29,16:37:28,93.5066
2020-07-29,16:37:38,93.5082
2020-07-29,16:37:47,93.5081
2020-07-29,16:37:56,93.5060
2020-07-29,16:38:08,93.4998
2020-07-29,16:38:18,93.4958
2020-07-29,16:38:38,93.4928
2020-07-29,16:38:48,93.4854
2020-07-29,16:38:58,93.4824
2020-07-29,16:39:07,93.4726
2020-07-29,16:39:18,93.4698
2020-07-29,16:39:28,93.4722
2020-07-29,16:39:38,93.4741
2020-07-29,16:39:49,93.4652
2020-07-29,16:39:58,93.4780
2020-07-29,16:40:09,93.4784
2020-07-29,16:40:19,93.4723
2020-07-29,16:40:29,93.4742
2020-07-29,16:40:39,93.4772
2020-07-29,16:40:48,93.4841
2020-07-29,16:40:59,93.4795
2020-07-29,16:41:09,93.4783
2020-07-29,16:41:19,93.4802
2020-07-29,16:41:29,93.4810
2020-07-29,16:41:39,93.4821
2020-07-29,16:41:59,93.4807
2020-07-29,16:42:09,93.4855
2020-07-29,16:42:19,93.4791
2020-07-29,16:42:29,93.4766
2020-07-29,16:42:39,93.4788
2020-07-29,16:42:50,93.4857
2020-07-29,16:43:01,93.4849
2020-07-29,16:43:01,93.4849
2020-07-29,16:43:20,93.4897
2020-07-29,16:43:30,93.4813
2020-07-29,16:43:39,93.4862
2020-07-29,16:43:50,93.4838
2020-07-29,16:44:00,93.4782
2020-07-29,16:44:10,93.4801
2020-07-29,16:44:20,93.4789
2020-07-29,16:44:30,93.4772
2020-07-29,16:44:40,93.4779
2020-07-29,16:44:49,93.4827
2020-07-29,16:45:00,93.4806
2020-07-29,16:45:10,93.4817
2020-07-29,16:45:26,93.4785
2020-07-29,16:45:41,93.4794
2020-07-29,16:45:51,93.4787
2020-07-29,16:46:00,93.4823
2020-07-29,16:46:11,93.4764
2020-07-29,16:46:21,93.4824
2020-07-29,16:46:31,93.4837
2020-07-29,16:46:41,93.4803
2020-07-29,16:46:50,93.4833
2020-07-29,16:47:02,93.4905
2020-07-29,16:47:12,93.4878
2020-07-29,16:47:21,93.4871
2020-07-29,16:47:32,93.4827
2020-07-29,16:47:41,93.4865
2020-07-29,16:47:51,93.4909
2020-07-29,16:48:01,93.4884
2020-07-29,16:48:22,93.4968
2020-07-29,16:48:31,93.4939
2020-07-29,16:48:41,93.4939
2020-07-29,16:48:51,93.4967
2020-07-29,16:49:01,93.4864
2020-07-29,16:49:11,93.4896
2020-07-29,16:49:22,93.4980
2020-07-29,16:49:31,93.4893
2020-07-29,16:49:42,93.5007
2020-07-29,16:49:53,93.4944
2020-07-29,16:50:03,93.4959
2020-07-29,16:50:13,93.4946
2020-07-29,16:50:22,93.4896
2020-07-29,16:50:33,93.4934
2020-07-29,16:50:42,93.4941
2020-07-29,16:50:53,93.5090
2020-07-29,16:51:03,93.5065
2020-07-29,16:51:13,93.5095
2020-07-29,16:51:33,93.5080
2020-07-29,16:51:42,93.5123
2020-07-29,16:51:52,93.5108
2020-07-29,16:52:02,93.5089
2020-07-29,16:52:12,93.5204
2020-07-29,16:52:23,93.5241
2020-07-29,16:52:33,93.5328
2020-07-29,16:52:43,93.5294
2020-07-29,16:52:53,93.5234
2020-07-29,16:53:03,93.5256
2020-07-29,16:53:13,93.5199
2020-07-29,16:53:24,93.5147
2020-07-29,16:53:34,93.5157
2020-07-29,16:53:43,93.5115
2020-07-29,16:53:53,93.5095
2020-07-29,16:54:03,93.5016
2020-07-29,16:54:14,93.5036
2020-07-29,16:54:22,93.5017
2020-07-29,16:54:43,93.5035
2020-07-29,16:54:54,93.5096
2020-07-29,16:55:04,93.5090
2020-07-29,16:55:14,93.5017
2020-07-29,16:55:24,93.5012
2020-07-29,16:55:34,93.5008
2020-07-29,16:55:44,93.4926
2020-07-29,16:55:52,93.4995
2020-07-29,16:56:04,93.5064
2020-07-29,16:56:14,93.5056
2020-07-29,16:56:24,93.5155
2020-07-29,16:56:34,93.5080
2020-07-29,16:56:45,93.5115
2020-07-29,16:56:54,93.5129
2020-07-29,16:57:04,93.5178
2020-07-29,16:57:25,93.5119
2020-07-29,16:57:35,93.5213
2020-07-29,16:59:58,93.5111
2020-07-29,17:00:14,93.5073
2020-07-29,17:00:25,93.5082
2020-07-29,17:00:32,93.5083
2020-07-29,17:00:43,93.5049
2020-07-29,17:00:53,93.5086
2020-07-29,17:01:03,93.5090
2020-07-29,17:01:12,93.5057
2020-07-29,17:01:23,93.5061
2020-07-29,17:01:42,93.5160
2020-07-29,17:01:53,93.5199
2020-07-29,17:02:03,93.5160
2020-07-29,17:02:11,93.5159
2020-07-29,17:02:23,93.5130
2020-07-29,17:02:32,93.5254
2020-07-29,17:02:42,93.5342
2020-07-29,17:02:53,93.5410
2020-07-29,17:03:03,93.5373
2020-07-29,17:03:13,93.5342
2020-07-29,17:03:22,93.5256
2020-07-29,17:03:32,93.5322
2020-07-29,17:03:43,93.5297
2020-07-29,17:03:52,93.5269
2020-07-29,17:04:03,93.5319
2020-07-29,17:04:12,93.5320
2020-07-29,17:04:34,93.5237
2020-07-29,17:04:44,93.5226
2020-07-29,17:04:54,93.5235
2020-07-29,17:05:03,93.5386
2020-07-29,17:05:14,93.5307
2020-07-29,17:05:23,93.5316
2020-07-29,17:05:33,93.5355
2020-07-29,17:05:44,93.5388
2020-07-29,17:05:54,93.5371
2020-07-29,17:06:04,93.5376
2020-07-29,17:06:14,93.5294
2020-07-29,17:06:24,93.5235
2020-07-29,17:06:34,93.5242
2020-07-29,17:06:43,93.5235
2020-07-29,17:06:54,93.5215
2020-07-29,17:07:15,93.5184
2020-07-29,17:07:24,93.5306
2020-07-29,17:07:34,93.5206
2020-07-29,17:07:45,93.5132
2020-07-29,17:07:54,93.5259
2020-07-29,17:08:04,93.5237
2020-07-29,17:08:14,93.5220
2020-07-29,17:08:24,93.5188
2020-07-29,17:08:34,93.5242
2020-07-29,17:08:44,93.5265
2020-07-29,17:08:54,93.5144
2020-07-29,17:09:06,93.5129
2020-07-29,17:09:15,93.5096
2020-07-29,17:09:25,93.5174
2020-07-29,17:09:35,93.5304
2020-07-29,17:09:45,93.5342
