2020-07-31,08:00,892.500
2020-07-31,08:01,892.510
2020-07-31,08:02,892.526
2020-07-31,08:03,892.530
2020-07-31,08:04,892.530
2020-07-31,08:05,892.530
2020-07-31,08:06,892.530
2020-07-31,08:07,892.548
2020-07-31,08:08,892.548
2020-07-31,08:09,892.548
2020-07-31,08:10,892.548
2020-07-31,08:11,892.548
2020-07-31,08:12,892.548
2020-07-31,08:13,892.548
2020-07-31,08:14,892.548
2020-07-31,08:15,892.550
2020-07-31,08:16,892.550
2020-07-31,08:17,892.550
2020-07-31,08:18,892.550
2020-07-31,08:19,892.551
2020-07-31,08:20,892.551
2020-07-31,08:21,892.551
2020-07-31,08:22,892.551
2020-07-31,08:23,892.554
2020-07-31,08:24,892.554
2020-07-31,08:25,892.554
2020-07-31,08:26,892.554
2020-07-31,08:27,892.554
2020-07-31,08:28,892.554
2020-07-31,08:29,892.554
2020-07-31,08:30,892.554
2020-07-31,08:31,892.554
2020-07-31,08:32,892.554
2020-07-31,08:33,892.554
2020-07-31,08:34,892.554
2020-07-31,08:35,892.554
2020-07-31,08:36,892.556
2020-07-31,08:37,892.556
2020-07-31,08:38,892.556
2020-07-31,08:39,892.556
2020-07-31,08:40,892.556
2020-07-31,08:41,892.556
2020-07-31,08:42,892.556
2020-07-31,08:43,892.556
2020-07-31,08:44,892.556
2020-07-31,08:45,892.556
2020-07-31,08:46,892.556
2020-07-31,08:47,892.557
2020-07-31,08:48,892.557
2020-07-31,08:49,892.559
2020-07-31,08:50,892.559
2020-07-31,08:51,892.559
2020-07-31,08:52,892.559
2020-07-31,08:53,892.560
2020-07-31,08:54,892.567
2020-07-31,08:55,892.567
2020-07-31,08:56,892.567
2020-07-31,08:57,892.567
2020-07-31,08:58,892.567
2020-07-31,08:59,892.567
2020-07-31,09:00,892.567
2020-07-31,09:01,892.567
2020-07-31,09:02,892.567
2020-07-31,09:03,892.567
2020-07-31,09:04,892.567
2020-07-31,09:05,892.569
2020-07-31,09:06,892.569
2020-07-31,09:07,892.569
2020-07-31,09:08,892.569
2020-07-31,09:09,892.569
2020-07-31,09:10,892.569
2020-07-31,09:11,892.569
2020-07-31,09:12,892.569
2020-07-31,09:13,892.569
2020-07-31,09:14,892.569
2020-07-31,09:15,892.569
2020-07-31,09:16,892.569
2020-07-31,09:17,892.569
2020-07-31,09:18,892.569
2020-07-31,09:19,892.569
2020-07-31,09:20,892.569
2020-07-31,09:21,892.569
2020-07-31,09:22,892.569
2020-07-31,09:23,892.569
2020-07-31,09:24,892.569
2020-07-31,09:25,892.569
2020-07-31,09:26,892.569
2020-07-31,09:27,892.569
2020-07-31,09:28,892.571
2020-07-31,09:29,892.571
2020-07-31,09:30,892.571
2020-07-31,09:31,892.571
2020-07-31,09:32,892.578
2020-07-31,09:33,892.578
2020-07-31,09:34,892.578
2020-07-31,09:35,892.578
2020-07-31,09:36,892.578
2020-07-31,09:37,892.578
2020-07-31,09:38,892.578
2020-07-31,09:39,892.578
2020-07-31,09:40,892.578
2020-07-31,09:41,892.578
2020-07-31,09:42,892.578
2020-07-31,09:43,892.578
2020-07-31,09:44,892.578
2020-07-31,09:45,892.578
2020-07-31,09:46,892.581
2020-07-31,09:47,892.581
2020-07-31,09:48,892.584
2020-07-31,09:49,892.584
2020-07-31,09:50,892.584
2020-07-31,09:51,892.584
2020-07-31,09:52,892.589
2020-07-31,09:53,892.589
2020-07-31,09:54,892.592
2020-07-31,09:55,892.594
2020-07-31,09:56,892.603
2020-07-31,09:57,892.603
2020-07-31,09:58,892.603
2020-07-31,09:59,892.603
2020-07-31,10:00,892.603
2020-07-31,10:01,892.603
2020-07-31,10:02,892.603
2020-07-31,10:03,892.606
2020-07-31,10:04,892.606
2020-07-31,10:05,892.606
2020-07-31,10:06,892.606
2020-07-31,10:07,892.606
2020-07-31,10:08,892.606
2020-07-31,10:09,892.606
2020-07-31,10:10,892.606
2020-07-31,10:11,892.606
2020-07-31,10:12,892.606
2020-07-31,10:13,892.606
2020-07-31,10:14,892.606
2020-07-31,10:15,892.606
2020-07-31,10:16,892.606
2020-07-31,10:17,892.606
2020-07-31,10:18,892.606
2020-07-31,10:19,892.606
2020-07-31,10:20,892.606
2020-07-31,10:21,892.606
2020-07-31,10:22,892.606
2020-07-31,10:23,892.606
2020-07-31,10:24,892.606
2020-07-31,10:25,892.606
2020-07-31,10:26,892.606
2020-07-31,10:27,892.606
2020-07-31,10:28,892.606
2020-07-31,10:29,892.606
2020-07-31,10:30,892.606
2020-07-31,10:31,892.606
2020-07-31,10:32,892.606
2020-07-31,10:33,892.606
2020-07-31,10:34,892.606
2020-07-31,10:35,892.606
2020-07-31,10:36,892.606
2020-07-31,10:37,892.606
2020-07-31,10:38,892.606
2020-07-31,10:39,892.606
2020-07-31,10:40,892.606
2020-07-31,10:41,892.606
2020-07-31,10:42,892.606
2020-07-31,10:43,892.606
2020-07-31,10:44,892.606
2020-07-31,10:45,892.606
2020-07-31,10:46,892.606
2020-07-31,10:47,892.606
2020-07-31,10:48,892.606
2020-07-31,10:49,892.608
2020-07-31,10:50,892.608
2020-07-31,10:51,892.610
2020-07-31,10:52,892.615
2020-07-31,10:53,892.616
2020-07-31,10:54,892.616
2020-07-31,10:55,892.616
2020-07-31,10:56,892.616
2020-07-31,10:57,892.616
2020-07-31,10:58,892.616
2020-07-31,10:59,892.616
2020-07-31,11:00,892.623
2020-07-31,11:01,892.623
2020-07-31,11:02,892.623
2020-07-31,11:03,892.623
2020-07-31,11:04,892.623
2020-07-31,11:05,892.624
2020-07-31,11:06,892.624
2020-07-31,11:07,892.624
2020-07-31,11:08,892.625
2020-07-31,11:09,892.625
2020-07-31,11:10,892.625
2020-07-31,11:11,892.625
2020-07-31,11:12,892.626
2020-07-31,11:13,892.626
2020-07-31,11:14,892.626
2020-07-31,11:15,892.626
2020-07-31,11:16,892.626
2020-07-31,11:17,892.626
2020-07-31,11:18,892.626
2020-07-31,11:19,892.626
2020-07-31,11:20,892.626
2020-07-31,11:21,892.626
2020-07-31,11:22,892.626
2020-07-31,11:23,892.626
2020-07-31,11:24,892.626
2020-07-31,11:25,892.626
2020-07-31,11:26,892.626
2020-07-31,11:27,892.626
2020-07-31,11:28,892.626
2020-07-31,11:29,892.626
2020-07-31,11:30,892.626
2020-07-31,11:31,892.626
2020-07-31,11:32,892.626
2020-07-31,11:33,892.626
2020-07-31,11:34,892.626
2020-07-31,11:35,892.626
2020-07-31,11:36,892.626
2020-07-31,11:37,892.626
2020-07-31,11:38,892.626
2020-07-31,11:39,892.626
2020-07-31,11:40,892.626
2020-07-31,11:41,892.626
2020-07-31,11:42,892.626
2020-07-31,11:43,892.626
2020-07-31,11:44,892.626
2020-07-31,11:45,892.626
2020-07-31,11:46,892.626
2020-07-31,11:47,892.626
2020-07-31,11:48,892.626
2020-07-31,11:49,892.626
2020-07-31,11:50,892.626
2020-07-31,11:51,892.626
2020-07-31,11:52,892.626
2020-07-31,11:53,892.626
2020-07-31,11:54,892.626
2020-07-31,11:55,892.626
2020-07-31,11:56,892.626
2020-07-31,11:57,892.626
2020-07-31,11:58,892.626
2020-07-31,11:59,892.626
2020-07-31,12:00,892.626
2020-07-31,12:01,892.626
2020-07-31,12:02,892.626
2020-07-31,12:03,892.626
2020-07-31,12:04,892.626
2020-07-31,12:05,892.626
2020-07-31,12:06,892.626
2020-07-31,12:07,892.626
2020-07-31,12:08,892.626
2020-07-31,12:09,892.626
2020-07-31,12:10,892.628
2020-07-31,12:11,892.628
2020-07-31,12:12,892.628
2020-07-31,12:13,892.628
2020-07-31,12:14,892.628
2020-07-31,12:15,892.628
2020-07-31,12:16,892.628
2020-07-31,12:17,892.628
2020-07-31,12:18,892.628
2020-07-31,12:19,892.628
2020-07-31,12:20,892.628
2020-07-31,12:21,892.628
2020-07-31,12:22,892.628
2020-07-31,12:23,892.628
2020-07-31,12:24,892.628
2020-07-31,12:25,892.636
2020-07-31,12:26,892.636
2020-07-31,12:27,892.636
2020-07-31,12:28,892.636
2020-07-31,12:29,892.645
2020-07-31,12:30,892.647
2020-07-31,12:31,892.647
2020-07-31,12:32,892.647
2020-07-31,12:33,892.647
2020-07-31,12:34,892.647
2020-07-31,12:35,892.647
2020-07-31,12:36,892.647
2020-07-31,12:37,892.647
2020-07-31,12:38,892.647
2020-07-31,12:39,892.647
2020-07-31,12:40,892.647
2020-07-31,12:41,892.647
2020-07-31,12:42,892.647
2020-07-31,12:43,892.647
2020-07-31,12:44,892.647
2020-07-31,12:45,892.647
2020-07-31,12:46,892.647
2020-07-31,12:47,892.647
2020-07-31,12:48,892.647
2020-07-31,12:49,892.647
2020-07-31,12:50,892.647
2020-07-31,12:51,892.647
2020-07-31,12:52,892.647
2020-07-31,12:53,892.651
2020-07-31,12:54,892.651
2020-07-31,12:55,892.651
2020-07-31,12:56,892.651
2020-07-31,12:57,892.651
2020-07-31,12:58,892.651
2020-07-31,12:59,892.651
2020-07-31,13:00,892.651
2020-07-31,13:01,892.651
2020-07-31,13:02,892.651
2020-07-31,13:03,892.651
2020-07-31,13:04,892.651
2020-07-31,13:05,892.651
2020-07-31,13:06,892.651
2020-07-31,13:07,892.651
2020-07-31,13:08,892.651
2020-07-31,13:09,892.651
2020-07-31,13:10,892.651
2020-07-31,13:11,892.651
2020-07-31,13:12,892.651
2020-07-31,13:13,892.651
2020-07-31,13:14,892.654
2020-07-31,13:15,892.654
2020-07-31,13:16,892.656
2020-07-31,13:17,892.656
2020-07-31,13:18,892.656
2020-07-31,13:19,892.656
2020-07-31,13:20,892.656
2020-07-31,13:21,892.656
2020-07-31,13:22,892.656
2020-07-31,13:23,892.656
2020-07-31,13:24,892.656
2020-07-31,13:25,892.658
2020-07-31,13:26,892.658
2020-07-31,13:27,892.658
2020-07-31,13:28,892.658
2020-07-31,13:29,892.658
2020-07-31,13:30,892.658
2020-07-31,13:31,892.668
2020-07-31,13:32,892.668
2020-07-31,13:33,892.668
2020-07-31,13:34,892.668
2020-07-31,13:35,892.668
2020-07-31,13:36,892.668
2020-07-31,13:37,892.668
2020-07-31,13:38,892.668
2020-07-31,13:39,892.668
2020-07-31,13:40,892.668
2020-07-31,13:41,892.668
2020-07-31,13:42,892.668
2020-07-31,13:43,892.668
2020-07-31,13:44,892.668
2020-07-31,13:45,892.668
2020-07-31,13:46,892.668
2020-07-31,13:47,892.668
2020-07-31,13:48,892.668
2020-07-31,13:49,892.668
2020-07-31,13:50,892.668
2020-07-31,13:51,892.668
2020-07-31,13:52,892.668
2020-07-31,13:53,892.668
2020-07-31,13:54,892.668
2020-07-31,13:55,892.668
2020-07-31,13:56,892.668
2020-07-31,13:57,892.668
2020-07-31,13:58,892.668
2020-07-31,13:59,892.668
2020-07-31,14:00,892.668
2020-07-31,14:01,892.673
2020-07-31,14:02,892.673
2020-07-31,14:03,892.673
2020-07-31,14:04,892.677
2020-07-31,14:05,892.677
2020-07-31,14:06,892.677
2020-07-31,14:07,892.677
2020-07-31,14:08,892.677
2020-07-31,14:09,892.677
2020-07-31,14:10,892.677
2020-07-31,14:11,892.677
2020-07-31,14:12,892.680
2020-07-31,14:13,892.680
2020-07-31,14:14,892.680
2020-07-31,14:15,892.680
2020-07-31,14:16,892.680
2020-07-31,14:17,892.680
2020-07-31,14:18,892.680
2020-07-31,14:19,892.680
2020-07-31,14:20,892.680
2020-07-31,14:21,892.680
2020-07-31,14:22,892.680
2020-07-31,14:23,892.680
2020-07-31,14:24,892.680
2020-07-31,14:25,892.680
2020-07-31,14:26,892.680
2020-07-31,14:27,892.680
2020-07-31,14:28,892.680
2020-07-31,14:29,892.680
2020-07-31,14:30,892.680
2020-07-31,14:31,892.680
2020-07-31,14:32,892.680
2020-07-31,14:33,892.680
2020-07-31,14:34,892.680
2020-07-31,14:35,892.680
2020-07-31,14:36,892.680
2020-07-31,14:37,892.680
2020-07-31,14:38,892.680
2020-07-31,14:39,892.680
2020-07-31,14:40,892.680
2020-07-31,14:41,892.680
2020-07-31,14:42,892.680
2020-07-31,14:43,892.680
2020-07-31,14:44,892.682
2020-07-31,14:45,892.682
2020-07-31,14:46,892.682
2020-07-31,14:47,892.682
2020-07-31,14:48,892.682
2020-07-31,14:49,892.682
2020-07-31,14:50,892.682
2020-07-31,14:51,892.682
2020-07-31,14:52,892.682
2020-07-31,14:53,892.682
2020-07-31,14:54,892.682
2020-07-31,14:55,892.686
2020-07-31,14:56,892.686
2020-07-31,14:57,892.686
2020-07-31,14:58,892.686
2020-07-31,14:59,892.686
2020-07-31,15:00,892.686
2020-07-31,15:01,892.686
2020-07-31,15:02,892.686
2020-07-31,15:03,892.686
2020-07-31,15:04,892.686
2020-07-31,15:05,892.686
2020-07-31,15:06,892.686
2020-07-31,15:07,892.686
2020-07-31,15:08,892.686
2020-07-31,15:09,892.686
2020-07-31,15:10,892.686
2020-07-31,15:11,892.686
2020-07-31,15:12,892.686
2020-07-31,15:13,892.686
2020-07-31,15:14,892.686
2020-07-31,15:15,892.686
2020-07-31,15:16,892.686
2020-07-31,15:17,892.718
2020-07-31,15:18,892.718
2020-07-31,15:19,892.718
2020-07-31,15:20,892.718
2020-07-31,15:21,892.718
2020-07-31,15:22,892.718
2020-07-31,15:23,892.718
2020-07-31,15:24,892.718
2020-07-31,15:25,892.718
2020-07-31,15:26,892.718
2020-07-31,15:27,892.718
2020-07-31,15:28,892.718
2020-07-31,15:29,892.718
2020-07-31,15:30,892.718
2020-07-31,15:31,892.718
2020-07-31,15:32,892.718
2020-07-31,15:33,892.718
2020-07-31,15:34,892.718
2020-07-31,15:35,892.718
2020-07-31,15:36,892.718
2020-07-31,15:37,892.718
2020-07-31,15:38,892.718
2020-07-31,15:39,892.718
2020-07-31,15:40,892.718
2020-07-31,15:41,892.718
2020-07-31,15:42,892.718
2020-07-31,15:43,892.718
2020-07-31,15:44,892.718
2020-07-31,15:45,892.718
2020-07-31,15:46,892.718
2020-07-31,15:47,892.718
2020-07-31,15:48,892.725
2020-07-31,15:49,892.725
2020-07-31,15:50,892.725
2020-07-31,15:51,892.725
2020-07-31,15:52,892.725
2020-07-31,15:53,892.725
2020-07-31,15:54,892.725
2020-07-31,15:55,892.725
2020-07-31,15:56,892.725
2020-07-31,15:57,892.725
2020-07-31,15:58,892.725
2020-07-31,15:59,892.725
2020-07-31,16:00,892.725
2020-07-31,16:01,892.725
2020-07-31,16:02,892.725
2020-07-31,16:03,892.725
2020-07-31,16:04,892.725
2020-07-31,16:05,892.725
2020-07-31,16:06,892.725
2020-07-31,16:07,892.725
2020-07-31,16:08,892.728
2020-07-31,16:09,892.728
2020-07-31,16:10,892.728
2020-07-31,16:11,892.734
2020-07-31,16:12,892.734
2020-07-31,16:13,892.734
2020-07-31,16:14,892.734
2020-07-31,16:15,892.742
2020-07-31,16:16,892.742
2020-07-31,16:17,892.742
2020-07-31,16:18,892.742
2020-07-31,16:19,892.742
2020-07-31,16:20,892.742
2020-07-31,16:21,892.742
2020-07-31,16:22,892.742
2020-07-31,16:23,892.742
2020-07-31,16:24,892.742
2020-07-31,16:25,892.742
2020-07-31,16:26,892.742
2020-07-31,16:27,892.742
2020-07-31,16:28,892.742
2020-07-31,16:29,892.742
2020-07-31,16:30,892.745
2020-07-31,16:31,892.745
2020-07-31,16:32,892.745
2020-07-31,16:33,892.745
2020-07-31,16:34,892.745
2020-07-31,16:35,892.745
2020-07-31,16:36,892.745
2020-07-31,16:37,892.745
2020-07-31,16:38,892.748
2020-07-31,16:39,892.748
2020-07-31,16:40,892.748
2020-07-31,16:41,892.748
2020-07-31,16:42,892.748
2020-07-31,16:43,892.758
2020-07-31,16:44,892.758
2020-07-31,16:45,892.761
2020-07-31,16:46,892.761
2020-07-31,16:47,892.761
2020-07-31,16:48,892.761
2020-07-31,16:49,892.761
2020-07-31,16:50,892.764
2020-07-31,16:51,892.764
2020-07-31,16:52,892.764
2020-07-31,16:53,892.764
2020-07-31,16:54,892.764
2020-07-31,16:55,892.764
2020-07-31,16:56,892.764
2020-07-31,16:57,892.764
2020-07-31,16:58,892.774
2020-07-31,16:59,892.777
2020-07-31,17:00,892.777
2020-07-31,17:01,892.783
2020-07-31,17:02,892.783
2020-07-31,17:03,892.783
2020-07-31,17:04,892.786
2020-07-31,17:05,892.789
2020-07-31,17:06,892.789
2020-07-31,17:07,892.789
2020-07-31,17:08,892.789
2020-07-31,17:09,892.789
2020-07-31,17:10,892.789
2020-07-31,17:11,892.789
2020-07-31,17:12,892.789
2020-07-31,17:13,892.789
2020-07-31,17:14,892.789
2020-07-31,17:15,892.789
2020-07-31,17:16,892.789
2020-07-31,17:17,892.789
2020-07-31,17:18,892.789
2020-07-31,17:19,892.795
2020-07-31,17:20,892.795
2020-07-31,17:21,892.795
2020-07-31,17:22,892.795
2020-07-31,17:23,892.795
2020-07-31,17:24,892.795
2020-07-31,17:25,892.795
2020-07-31,17:26,892.795
2020-07-31,17:27,892.795
2020-07-31,17:28,892.795
2020-07-31,17:29,892.795
2020-07-31,17:30,892.795
2020-07-31,17:31,892.795
2020-07-31,17:32,892.795
2020-07-31,17:33,892.795
2020-07-31,17:34,892.795
2020-07-31,17:35,892.795
2020-07-31,17:36,892.795
2020-07-31,17:37,892.795
2020-07-31,17:38,892.795
2020-07-31,17:39,892.795
2020-07-31,17:40,892.795
2020-07-31,17:41,892.795
2020-07-31,17:42,892.795
2020-07-31,17:43,892.795
2020-07-31,17:44,892.795
2020-07-31,17:45,892.795
2020-07-31,17:46,892.795
2020-07-31,17:47,892.795
2020-07-31,17:48,892.795
2020-07-31,17:49,892.795
2020-07-31,17:50,892.795
2020-07-31,17:51,892.795
2020-07-31,17:52,892.795
2020-07-31,17:53,892.798
2020-07-31,17:54,892.798
2020-07-31,17:55,892.801
2020-07-31,17:56,892.801
2020-07-31,17:57,892.801
2020-07-31,17:58,892.801
2020-07-31,17:59,892.812
2020-07-31,18:00,892.812
2020-07-31,18:01,892.812
2020-07-31,18:02,892.812
2020-07-31,18:03,892.812
2020-07-31,18:04,892.828
2020-07-31,18:05,892.828
2020-07-31,18:06,892.828
2020-07-31,18:07,892.828
2020-07-31,18:08,892.828
2020-07-31,18:09,892.834
2020-07-31,18:10,892.834
2020-07-31,18:11,892.834
2020-07-31,18:12,892.834
2020-07-31,18:13,892.834
2020-07-31,18:14,892.850
2020-07-31,18:15,892.850
2020-07-31,18:16,892.850
2020-07-31,18:17,892.850
2020-07-31,18:18,892.850
2020-07-31,18:19,892.850
2020-07-31,18:20,892.850
2020-07-31,18:21,892.850
2020-07-31,18:22,892.850
2020-07-31,18:23,892.850
2020-07-31,18:24,892.857
2020-07-31,18:25,892.857
2020-07-31,18:26,892.857
2020-07-31,18:27,892.857
2020-07-31,18:28,892.857
2020-07-31,18:29,892.907
2020-07-31,18:30,892.907
2020-07-31,18:31,892.910
2020-07-31,18:32,892.924
2020-07-31,18:33,892.933
2020-07-31,18:34,892.933
2020-07-31,18:35,892.933
2020-07-31,18:36,892.933
2020-07-31,18:37,892.948
2020-07-31,18:38,892.948
2020-07-31,18:39,892.948
2020-07-31,18:40,892.948
2020-07-31,18:41,892.948
2020-07-31,18:42,892.963
2020-07-31,18:43,892.963
2020-07-31,18:44,892.963
2020-07-31,18:45,892.963
2020-07-31,18:46,892.963
2020-07-31,18:47,892.963
2020-07-31,18:48,892.963
2020-07-31,18:49,892.963
2020-07-31,18:50,892.963
2020-07-31,18:51,892.963
2020-07-31,18:52,892.966
2020-07-31,18:53,892.969
2020-07-31,18:54,892.969
2020-07-31,18:55,892.969
2020-07-31,18:56,892.981
2020-07-31,18:57,892.981
2020-07-31,18:58,892.981
2020-07-31,18:59,892.981
2020-07-31,19:00,892.981
2020-07-31,19:01,892.981
2020-07-31,19:02,892.981
2020-07-31,19:03,892.981
2020-07-31,19:04,892.981
2020-07-31,19:05,893.014
2020-07-31,19:06,893.014
2020-07-31,19:07,893.017
2020-07-31,19:08,893.017
2020-07-31,19:09,893.017
2020-07-31,19:10,893.270
2020-07-31,19:11,893.290
2020-07-31,19:12,893.299
2020-07-31,19:13,893.299
2020-07-31,19:14,893.299
2020-07-31,19:15,893.299
2020-07-31,19:16,893.299
2020-07-31,19:17,893.305
2020-07-31,19:18,893.320
2020-07-31,19:19,893.320
2020-07-31,19:20,893.320
2020-07-31,19:21,893.320
2020-07-31,19:22,893.331
2020-07-31,19:23,893.345
2020-07-31,19:24,893.371
2020-07-31,19:25,893.371
2020-07-31,19:26,893.371
2020-07-31,19:27,893.392
2020-07-31,19:28,893.392
2020-07-31,19:29,893.403
2020-07-31,19:30,893.404
2020-07-31,19:31,893.424
2020-07-31,19:32,893.424
2020-07-31,19:33,893.426
2020-07-31,19:34,893.426
2020-07-31,19:35,893.426
2020-07-31,19:36,893.426
2020-07-31,19:37,893.436
2020-07-31,19:38,893.436
2020-07-31,19:39,893.436
2020-07-31,19:40,893.436
2020-07-31,19:41,893.438
2020-07-31,19:42,893.438
2020-07-31,19:43,893.438
2020-07-31,19:44,893.441
2020-07-31,19:45,893.441
2020-07-31,19:46,893.441
2020-07-31,19:47,893.466
2020-07-31,19:48,893.466
2020-07-31,19:49,893.466
2020-07-31,19:50,893.468
2020-07-31,19:51,893.474
2020-07-31,19:52,893.511
2020-07-31,19:53,893.530
2020-07-31,19:54,893.530
2020-07-31,19:55,893.530
2020-07-31,19:56,893.540
2020-07-31,19:57,893.540
2020-07-31,19:58,893.540
2020-07-31,19:59,893.541
2020-07-31,20:00,893.543
2020-07-31,20:01,893.543
2020-07-31,20:02,893.543
2020-07-31,20:03,893.543
2020-07-31,20:04,893.543
2020-07-31,20:05,893.569
2020-07-31,20:06,893.569
2020-07-31,20:07,893.569
2020-07-31,20:08,893.569
2020-07-31,20:09,893.569
2020-07-31,20:10,893.569
2020-07-31,20:11,893.569
2020-07-31,20:12,893.569
2020-07-31,20:13,893.570
2020-07-31,20:14,893.570
2020-07-31,20:15,893.570
2020-07-31,20:16,893.570
2020-07-31,20:17,893.570
2020-07-31,20:18,893.570
2020-07-31,20:19,893.637
2020-07-31,20:20,893.637
2020-07-31,20:21,893.637
2020-07-31,20:22,893.637
2020-07-31,20:23,893.637
2020-07-31,20:24,893.637
2020-07-31,20:25,893.642
2020-07-31,20:26,893.642
2020-07-31,20:27,893.642
2020-07-31,20:28,893.642
2020-07-31,20:29,893.642
2020-07-31,20:30,893.648
2020-07-31,20:31,893.651
2020-07-31,20:32,893.659
2020-07-31,20:33,893.659
2020-07-31,20:34,893.660
2020-07-31,20:35,893.660
2020-07-31,20:36,893.711
2020-07-31,20:37,893.720
2020-07-31,20:38,893.722
2020-07-31,20:39,893.722
2020-07-31,20:40,893.722
2020-07-31,20:41,893.722
2020-07-31,20:42,893.723
2020-07-31,20:43,893.724
2020-07-31,20:44,893.726
2020-07-31,20:45,893.742
2020-07-31,21:31,893.911
2020-07-31,21:32,893.920
2020-07-31,21:33,893.922
2020-07-31,21:34,893.929
2020-07-31,21:35,893.930
2020-07-31,21:36,893.939
2020-07-31,21:37,893.945
2020-07-31,21:38,893.947
2020-07-31,21:39,893.960
2020-07-31,21:40,893.967
2020-07-31,21:41,893.972
2020-07-31,21:42,893.972
2020-07-31,21:43,893.972
2020-07-31,21:44,893.973
2020-07-31,21:45,893.997
2020-07-31,21:46,894.005
2020-07-31,21:47,894.007
2020-07-31,21:48,894.023
2020-07-31,21:49,894.026
2020-07-31,21:50,894.026
2020-07-31,21:51,894.032
2020-07-31,21:52,894.034
2020-07-31,21:53,894.063
2020-07-31,21:54,894.173
2020-07-31,21:55,894.264
2020-07-31,21:56,894.281
2020-07-31,21:57,894.287
2020-07-31,21:58,894.296
2020-07-31,21:59,894.301
2020-07-31,22:00,894.311
2020-07-31,22:01,894.346
2020-07-31,22:02,894.395
2020-07-31,22:03,894.404
2020-07-31,22:04,894.486
2020-07-31,22:05,894.503
2020-07-31,22:06,894.513
2020-07-31,22:07,894.517
2020-07-31,22:08,894.538
2020-07-31,22:09,894.544
2020-07-31,22:10,894.549
2020-07-31,22:11,894.572
2020-07-31,22:12,894.574
2020-07-31,22:13,894.585
2020-07-31,22:14,894.611
2020-07-31,22:15,894.625
2020-07-31,22:16,894.625
2020-07-31,22:17,894.631
2020-07-31,22:18,894.636
2020-07-31,22:19,894.639
2020-07-31,22:20,894.640
2020-07-31,22:21,894.643
2020-07-31,22:22,894.645
2020-07-31,22:23,894.649
2020-07-31,22:24,894.651
2020-07-31,22:25,894.659
2020-07-31,22:26,894.665
2020-07-31,22:27,894.673
2020-07-31,22:28,894.678
2020-07-31,22:29,894.692
2020-07-31,22:30,894.693
2020-07-31,22:31,894.695
2020-07-31,22:32,894.698
2020-07-31,22:33,894.699
2020-07-31,22:34,894.702
2020-07-31,22:35,894.704
2020-07-31,22:36,894.708
2020-07-31,22:37,894.709
2020-07-31,22:38,894.723
2020-07-31,22:39,894.730
2020-07-31,22:40,894.746
2020-07-31,22:41,894.751
2020-07-31,22:42,894.757
2020-07-31,22:43,894.762
2020-07-31,22:44,894.764
2020-07-31,22:45,894.765
2020-07-31,22:46,894.770
2020-07-31,22:47,894.775
2020-07-31,22:48,894.776
2020-07-31,22:49,894.780
2020-07-31,22:50,894.783
2020-07-31,22:51,894.784
2020-07-31,22:52,894.784
2020-07-31,22:53,894.788
2020-07-31,22:54,894.801
2020-07-31,22:55,894.805
2020-07-31,22:56,894.808
2020-07-31,22:57,894.810
2020-07-31,22:58,894.814
2020-07-31,22:59,894.814
2020-07-31,23:00,894.818
2020-07-31,23:01,894.830
2020-07-31,23:02,894.852
2020-07-31,23:03,894.852
2020-07-31,23:04,894.860
2020-07-31,23:05,894.860
2020-07-31,23:06,894.863
2020-07-31,23:07,894.871
2020-07-31,23:08,894.871
2020-07-31,23:09,894.872
2020-07-31,23:10,894.872
2020-07-31,23:11,894.872
2020-07-31,23:12,894.872
2020-07-31,23:13,894.872
2020-07-31,23:14,894.873
2020-07-31,23:15,894.876
2020-07-31,23:16,894.876
2020-07-31,23:17,894.877
2020-07-31,23:18,894.877
2020-07-31,23:19,894.877
2020-07-31,23:20,894.877
2020-07-31,23:21,894.878
2020-07-31,23:22,894.878
2020-07-31,23:23,894.879
2020-07-31,23:24,894.880
2020-07-31,23:25,894.881
2020-07-31,23:26,894.882
2020-07-31,23:27,894.882
2020-07-31,23:28,894.882
2020-07-31,23:29,894.882
2020-07-31,23:30,894.882
2020-07-31,23:31,894.882
2020-07-31,23:32,894.882
2020-07-31,23:33,894.882
2020-07-31,23:34,894.882
2020-07-31,23:35,894.882
2020-07-31,23:36,894.882
2020-07-31,23:37,894.882
2020-07-31,23:38,894.882
2020-07-31,23:39,894.882
2020-07-31,23:40,894.882
2020-07-31,23:41,894.882
2020-07-31,23:42,894.882
2020-07-31,23:43,894.882
2020-07-31,23:44,894.882
2020-07-31,23:45,894.882
2020-07-31,23:46,894.881
2020-07-31,23:47,894.881
2020-07-31,23:48,894.881
2020-07-31,23:49,894.881
2020-07-31,23:50,894.881
2020-07-31,23:51,894.881
2020-07-31,23:52,894.881
2020-07-31,23:53,894.881
2020-07-31,23:54,894.881
2020-07-31,23:55,894.881
2020-07-31,23:56,894.881
2020-07-31,23:57,894.881
2020-07-31,23:58,894.881
2020-07-31,23:59,894.881
2020-08-01,00:00,894.881
2020-08-01,00:01,894.881
2020-08-01,00:02,894.881
2020-08-01,00:03,894.881
2020-08-01,00:04,894.881
2020-08-01,00:05,894.881
2020-08-01,00:06,894.881
2020-08-01,00:07,894.880
2020-08-01,00:08,894.880
2020-08-01,00:09,894.880
2020-08-01,00:10,894.880
2020-08-01,00:11,894.880
2020-08-01,00:12,894.879
2020-08-01,00:13,894.879
2020-08-01,00:14,894.879
2020-08-01,00:15,894.878
2020-08-01,00:16,894.876
2020-08-01,00:17,894.875
2020-08-01,00:18,894.875
2020-08-01,00:19,894.873
2020-08-01,00:20,894.873
2020-08-01,00:21,894.872
2020-08-01,00:22,894.871
2020-08-01,00:23,894.870
2020-08-01,00:24,894.870
2020-08-01,00:25,894.869
2020-08-01,00:26,894.869
2020-08-01,00:27,894.869
2020-08-01,00:28,894.869
2020-08-01,00:29,894.869
2020-08-01,00:30,894.869
2020-08-01,00:31,894.868
2020-08-01,00:32,894.868
2020-08-01,00:33,894.868
2020-08-01,00:34,894.868
2020-08-01,00:35,894.868
2020-08-01,00:36,894.868
2020-08-01,00:37,894.868
2020-08-01,00:38,894.868
2020-08-01,00:39,894.868
2020-08-01,00:40,894.868
2020-08-01,00:41,894.868
2020-08-01,00:42,894.868
2020-08-01,00:43,894.868
2020-08-01,00:44,894.866
2020-08-01,00:45,894.866
2020-08-01,00:46,894.866
2020-08-01,00:47,894.866
2020-08-01,00:48,894.866
2020-08-01,00:49,894.866
2020-08-01,00:50,894.866
2020-08-01,00:51,894.866
2020-08-01,00:52,894.866
2020-08-01,00:53,894.866
2020-08-01,00:54,894.866
2020-08-01,00:55,894.865
2020-08-01,00:56,894.865
2020-08-01,00:57,894.865
2020-08-01,00:58,894.865
2020-08-01,00:59,894.865
2020-08-01,01:00,894.865
2020-08-01,01:01,894.865
2020-08-01,01:02,894.864
2020-08-01,01:03,894.864
2020-08-01,01:04,894.863
2020-08-01,01:05,894.863
2020-08-01,01:06,894.863
2020-08-01,01:07,894.863
2020-08-01,01:08,894.863
2020-08-01,01:09,894.863
2020-08-01,01:10,894.863
2020-08-01,01:11,894.863
2020-08-01,01:12,894.863
2020-08-01,01:13,894.863
2020-08-01,01:14,894.863
2020-08-01,01:15,894.863
2020-08-01,01:16,894.863
2020-08-01,01:17,894.863
2020-08-01,01:18,894.863
2020-08-01,01:19,894.863
2020-08-01,01:20,894.863
2020-08-01,01:21,894.862
2020-08-01,01:22,894.862
2020-08-01,01:23,894.862
2020-08-01,01:24,894.862
2020-08-01,01:25,894.862
2020-08-01,01:26,894.862
2020-08-01,01:27,894.862
2020-08-01,01:28,894.862
2020-08-01,01:29,894.862
2020-08-01,01:30,894.862
2020-08-01,01:31,894.862
2020-08-01,01:32,894.861
2020-08-01,01:33,894.860
2020-08-01,01:34,894.860
2020-08-01,01:35,894.859
2020-08-01,01:36,894.859
2020-08-01,01:37,894.859
2020-08-01,01:38,894.859
2020-08-01,01:39,894.859
2020-08-01,01:40,894.858
2020-08-01,01:41,894.858
2020-08-01,01:42,894.858
2020-08-01,01:43,894.858
2020-08-01,01:44,894.861
2020-08-01,01:45,894.861
2020-08-01,01:46,894.861
2020-08-01,01:47,894.861
2020-08-01,01:48,894.861
2020-08-01,01:49,894.861
2020-08-01,01:50,894.861
2020-08-01,01:51,894.861
2020-08-01,01:52,894.861
2020-08-01,01:53,894.861
2020-08-01,01:54,894.861
2020-08-01,01:55,894.861
2020-08-01,01:56,894.861
2020-08-01,01:57,894.861
2020-08-01,01:58,894.861
2020-08-01,01:59,894.861
2020-08-01,02:00,894.861
2020-08-01,02:01,894.860
2020-08-01,02:02,894.860
2020-08-01,02:03,894.857
2020-08-01,02:04,894.857
2020-08-01,02:05,894.861
2020-08-01,02:06,894.861
2020-08-01,02:07,894.862
2020-08-01,02:08,894.862
2020-08-01,02:09,894.862
2020-08-01,02:10,894.862
2020-08-01,02:11,894.863
2020-08-01,02:12,894.863
2020-08-01,02:13,894.863
2020-08-01,02:14,894.864
2020-08-01,02:15,894.928
2020-08-01,02:16,894.929
2020-08-01,02:17,894.929
2020-08-01,02:18,894.930
2020-08-01,02:19,894.932
2020-08-01,02:20,894.934
